region,city,street,building,built_year,floors,area,entrances,living_flats,living_area,overhaul_rate,lat,lon,org_inn,source_id,timezone
Москва,Москва,Ленинский проспект,3,1966,10,1635200,8,288,1331925,326300,55.7261324,37.6082236,7706816114,8071717,Europe/Moscow
Москва,Москва,Ленинский проспект,7,1942,11,852200,5,100,639314,326300,55.7249699,37.6064573,7706816114,8071715,Europe/Moscow
Москва,Москва,Ленинский проспект,11 с.1,1949,8,1895800,4,181,1349337,326300,55.7232407,37.6039541,7730199840,7717496,Europe/Moscow
Москва,Москва,Ленинский проспект,11 с.4,1917,2,41900,1,7,38735,326300,55.7232407,37.6039541,7706816114,8071716,Europe/Moscow
Москва,Москва,Ленинский проспект,12,1940,11,985500,5,87,778433,326300,55.7196402,37.5971453,7721707688,8000149,Europe/Moscow
Москва,Москва,Ленинский проспект,13,1939,12,1948300,8,146,1532499,326300,55.7222178,37.6022172,7730199840,7717530,Europe/Moscow
Москва,Москва,Ленинский проспект,16,1940,10,955500,5,88,746552,326300,55.7187296,37.5958853,7721707688,8000146,Europe/Moscow
Москва,Москва,Ленинский проспект,18,1940,8,872200,5,66,584807,326300,55.7177422,37.5942431,7721707688,8156566,Europe/Moscow
Москва,Москва,Ленинский проспект,20,1940,7,783700,5,64,545963,326300,55.7167969,37.5931395,7721707688,7954854,Europe/Moscow
Москва,Москва,Ленинский проспект,21,1940,6,735000,5,58,524711,326300,55.7179938,37.5964255,7721707688,8000544,Europe/Moscow
Москва,Москва,Ленинский проспект,22,1940,8,898200,5,77,691608,326300,55.7157826,37.5917097,7721707688,7759239,Europe/Moscow
Москва,Москва,Ленинский проспект,23,1940,10,744900,3,90,599966,326300,55.7173547,37.5964057,7721707688,8000555,Europe/Moscow
Москва,Москва,Ленинский проспект,25,1940,6,715000,5,60,520487,326300,55.7171802,37.5950058,7721707688,8011318,Europe/Moscow
Москва,Москва,Ленинский проспект,26,1940,9,526100,3,44,421811,326300,55.7142580,37.5891390,7721707688,8011320,Europe/Moscow
Москва,Москва,Ленинский проспект,28,1940,7,781900,7,65,571226,326300,55.7135675,37.5887327,7721707688,8012368,Europe/Moscow
Москва,Москва,Ленинский проспект,30,1945,14,2143700,10,250,1629667,326300,55.7107851,37.5848843,7721707688,8156581,Europe/Moscow
Москва,Москва,Ленинский проспект,32,1961,9,2936000,14,418,2312264,326300,55.7095029,37.5806253,7736246817,8092242,Europe/Moscow
Москва,Москва,Ленинский проспект,34/1,1960,9,3447800,15,446,2509556,326300,55.7069668,37.5775882,7736247137,7667178,Europe/Moscow
Москва,Москва,Ленинский проспект,35,1940,8,870100,5,77,659656,326300,55.7113770,37.5870914,7721707688,8011323,Europe/Moscow
Москва,Москва,Ленинский проспект,36,1960,8,2766400,11,355,1992666,326300,55.7056206,37.5750532,7736247137,7667181,Europe/Moscow
Москва,Москва,Ленинский проспект,37,1940,12,2799000,14,328,2107819,326300,55.7102829,37.5856372,7721707688,8011326,Europe/Moscow
Москва,Москва,Ленинский проспект,37А,1953,8,2469100,15,236,1915060,326300,55.7089571,37.5858035,7730199840,7717541,Europe/Moscow
Москва,Москва,Ленинский проспект,39/1,1961,10,2851500,12,408,2224731,326300,55.7070984,37.5821728,7736247137,7667182,Europe/Moscow
Москва,Москва,Ленинский проспект,40,1959,9,3088100,12,345,2372060,326300,55.7037616,37.5701596,7736246817,8092272,Europe/Moscow
Москва,Москва,Ленинский проспект,41/2,1960,9,3455200,15,452,2526760,326300,55.7056687,37.5779392,7736247137,7667183,Europe/Moscow
Москва,Москва,Ленинский проспект,43,1959,10,2301300,11,313,1750130,326300,55.7044493,37.5755471,7736247137,7667185,Europe/Moscow
Москва,Москва,Ленинский проспект,43 к.10,1960,5,248300,3,60,238742,326300,55.7033692,37.5788192,7736247137,7667193,Europe/Moscow
Москва,Москва,Ленинский проспект,43 к.11,1960,5,247200,3,60,233838,326300,55.7039455,37.5790263,7736247137,7667194,Europe/Moscow
Москва,Москва,Ленинский проспект,43 к.7,1959,5,247700,3,60,235990,326300,55.7035205,37.5773374,7736247137,7667187,Europe/Moscow
Москва,Москва,Ленинский проспект,43 к.8,1960,5,302700,3,60,232752,326300,55.7031870,37.5779049,7736247137,7667189,Europe/Moscow
Москва,Москва,Ленинский проспект,43 к.9,1960,5,249300,3,60,234302,326300,55.7028586,37.5784895,7736247137,7667190,Europe/Moscow
Москва,Москва,Ленинский проспект,44,1958,8,3035500,12,347,2454463,326300,55.7016681,37.5679097,7736247137,7667196,Europe/Moscow
Москва,Москва,Ленинский проспект,45,1959,9,4665500,12,348,2389279,326300,55.7027941,37.5763787,7736247137,7667197,Europe/Moscow
Москва,Москва,Ленинский проспект,52,1956,8,3905500,16,444,3081410,326300,55.6994073,37.5638172,7736247137,8095279,Europe/Moscow
Москва,Москва,Ленинский проспект,57,1960,8,1539900,6,167,1171240,326300,55.6964163,37.5612991,7736247137,8093328,Europe/Moscow
Москва,Москва,Ленинский проспект,60/2,1957,9,4535200,18,524,3733054,326300,55.6965006,37.5588850,7736247137,7667198,Europe/Moscow
Москва,Москва,Ленинский проспект,61/1,1950,7,1787800,8,201,1260543,326300,55.6947454,37.5583422,,8092545,Europe/Moscow
Москва,Москва,Ленинский проспект,62/1,1957,8,4407600,18,489,3390458,326300,55.6943903,37.5525594,7736247137,7667199,Europe/Moscow
Москва,Москва,Ленинский проспект,64/2,1957,10,3965400,16,454,3135712,326300,55.6928774,37.5523626,7736247137,7667201,Europe/Moscow
Москва,Москва,Ленинский проспект,66,1957,9,3678300,16,419,2877249,326300,55.6912440,37.5494547,7736247137,8108169,Europe/Moscow
Москва,Москва,Ленинский проспект,67,1960,10,1791100,6,226,1521592,326300,55.6912530,37.5523116,7736247137,7667202,Europe/Moscow
Москва,Москва,Ленинский проспект,67 к.1,2013,22,1967600,1,119,387034,326300,55.6902682,37.5530838,7726665079,8978228,Europe/Moscow
Москва,Москва,Ленинский проспект,67 к.2,2009,18,3315100,6,183,2021280,326300,55.6896989,37.5532634,7707646923,8020490,Europe/Moscow
Москва,Москва,Ленинский проспект,68/10,1956,8,4488200,18,498,3517190,326300,55.6897784,37.5466375,7736247137,7667205,Europe/Moscow
Москва,Москва,Ленинский проспект,69,1959,8,2139000,9,258,1696797,326300,55.6900172,37.5501069,7736247137,8042489,Europe/Moscow
Москва,Москва,Ленинский проспект,69 к.2,1971,10,559000,4,90,530483,326300,55.6896072,37.5522863,7736247137,7667206,Europe/Moscow
Москва,Москва,Ленинский проспект,69 к.3,1978,9,565000,4,73,561082,326300,55.6892858,37.5513448,7736247137,8092388,Europe/Moscow
Москва,Москва,Ленинский проспект,70/11,1956,9,4933200,14,592,3931206,326300,55.6879261,37.5407755,7736247137,7667207,Europe/Moscow
Москва,Москва,Ленинский проспект,71,1958,8,993000,4,127,880812,326300,55.6888759,37.5496339,7736247137,7667209,Europe/Moscow
Москва,Москва,Ленинский проспект,72/2,1955,10,5583800,17,692,4541414,326300,55.6860406,37.5411997,7736247137,7667210,Europe/Moscow
Москва,Москва,Ленинский проспект,73/8,1958,8,2141800,9,254,1689899,326300,55.6883716,37.5472618,7736247137,7667213,Europe/Moscow
Москва,Москва,Ленинский проспект,74,1958,9,2332600,9,273,1791363,326300,55.6839653,37.5381198,,7688811,Europe/Moscow
Москва,Москва,Ленинский проспект,75/9,1958,9,1715300,6,189,1331747,326300,55.6868825,37.5448853,7736584333,8089423,Europe/Moscow
Москва,Москва,Ленинский проспект,77 к.1,1958,9,1691200,6,196,1384780,326300,55.6856029,37.5429202,7736247137,7667214,Europe/Moscow
Москва,Москва,Ленинский проспект,77 к.2,1987,16,922700,2,138,900788,326300,55.6856844,37.5448990,7736247137,7667215,Europe/Moscow
Санкт-Петербург,Санкт-Петербург,Гражданский проспект,4 корп. 1 литера А,1995,10,1345650,4,209,1006340,115600,59.9973125,30.3808573,7804391903,6924902,Europe/Moscow
Санкт-Петербург,Санкт-Петербург,Гражданский проспект,6 литера А,1976,11,1576310,5,284,1292790,115000,59.9983362,30.3814514,7804391903,6686765,Europe/Moscow
Санкт-Петербург,Санкт-Петербург,Гражданский проспект,8 литера А,1977,14,416900,1,60,289240,115000,59.9988181,30.3823872,7804391903,6921932,Europe/Moscow
Санкт-Петербург,Санкт-Петербург,Гражданский проспект,9 корп. 2 литера А,1965,9,240590,2,45,197120,115000,59.9981914,30.3870285,,9164361,Europe/Moscow
Санкт-Петербург,Санкт-Петербург,Гражданский проспект,9 корп. 4 литера А,1964,5,381670,4,82,350720,113000,59.9983755,30.3887520,7804391903,6921944,Europe/Moscow
Санкт-Петербург,Санкт-Петербург,Гражданский проспект,9 корп. 5 литера А,1964,5,380200,4,82,349985,113000,59.9987502,30.3889832,7804391903,6686767,Europe/Moscow
Санкт-Петербург,Санкт-Петербург,Гражданский проспект,9 корп. 6 литера А,1964,5,379090,4,80,349590,113000,59.9991201,30.3892059,7804391903,6548475,Europe/Moscow
Санкт-Петербург,Санкт-Петербург,Гражданский проспект,9 корп. 7 литера А,1964,5,380160,4,81,347951,113000,59.9994923,30.3894073,7804391903,6686768,Europe/Moscow
Санкт-Петербург,Санкт-Петербург,Гражданский проспект,9 корп. 8 литера А,1964,5,379890,4,81,348321,113000,59.9998682,30.3896429,7804391903,6548476,Europe/Moscow
Санкт-Петербург,Санкт-Петербург,Гражданский проспект,9 литера А,1959,5,296730,3,47,242860,111200,59.9989263,30.3842659,7804391903,6921935,Europe/Moscow
Санкт-Петербург,Санкт-Петербург,Гражданский проспект,9А литера Б,1961,5,258141,3,56,219421,111200,59.9986272,30.3854205,7804391903,6921938,Europe/Moscow
Санкт-Петербург,Санкт-Петербург,Гражданский проспект,15 корп. 1 литера А,1966,9,1537740,5,255,1171520,116200,60.0028966,30.3884053,7804391903,6548477,Europe/Moscow
Санкт-Петербург,Санкт-Петербург,Гражданский проспект,15 корп. 2 литера А,1963,5,581346,6,123,532430,111200,60.0026914,30.3895567,7804391903,6921963,Europe/Moscow
Санкт-Петербург,Санкт-Петербург,Гражданский проспект,17 литера А,1963,5,480639,5,100,437661,111200,60.0035123,30.3900544,7804391903,6921973,Europe/Moscow
Санкт-Петербург,Санкт-Петербург,Гражданский проспект,18 литера А,1971,13,447560,2,82,368810,115000,60.0021859,30.3854594,7804391903,6921979,Europe/Moscow
Санкт-Петербург,Санкт-Петербург,Гражданский проспект,19 корп. 2 литера А,1964,9,1251047,4,240,1098636,116200,60.0037614,30.3917089,7804391903,6921980,Europe/Moscow
Санкт-Петербург,Санкт-Петербург,Гражданский проспект,19 корп. 3 литера А,1975,6,460610,5,101,422112,110000,60.0034928,30.3924574,7804391903,6921987,Europe/Moscow
Санкт-Петербург,Санкт-Петербург,Гражданский проспект,20 литера А,1981,9,1762190,6,259,1361190,115600,60.0030587,30.3867778,7804391903,6549029,Europe/Moscow
Санкт-Петербург,Санкт-Петербург,Гражданский проспект,21 корп. 1 литера А,1963,5,479390,5,101,435767,111200,60.0045142,30.3910456,7804391903,6921993,Europe/Moscow
Санкт-Петербург,Санкт-Петербург,Гражданский проспект,21 корп. 2 литера А,1968,5,647992,7,148,578174,111200,60.0038880,30.3940854,7804391903,6921997,Europe/Moscow
Санкт-Петербург,Санкт-Петербург,Гражданский проспект,23 корп. 1 литера А,1966,9,1388110,5,243,1164020,116200,60.0054631,30.3910023,7804035768,9370060,Europe/Moscow
Санкт-Петербург,Санкт-Петербург,Гражданский проспект,24 литера А,2001,12,3375040,6,242,2429370,115600,60.0052071,30.3887804,7804153433,7867954,Europe/Moscow
Санкт-Петербург,Санкт-Петербург,Гражданский проспект,25 корп. 1 литера А,1963,5,485046,5,103,430197,111200,60.0060790,30.3926446,7804391903,6922000,Europe/Moscow
Санкт-Петербург,Санкт-Петербург,Гражданский проспект,25 корп. 2 литера А,1968,5,647463,7,145,581483,111200,60.0052138,30.3955706,7804391903,6686773,Europe/Moscow
Санкт-Петербург,Санкт-Петербург,Гражданский проспект,29 литера А,1963,5,477650,5,100,433703,111200,60.0070725,30.3936563,7804391903,6922010,Europe/Moscow
Санкт-Петербург,Санкт-Петербург,Гражданский проспект,31 корп. 1 литера А,1966,9,1556990,5,253,1189860,115000,60.0080817,30.3936303,7804391903,6922015,Europe/Moscow
Санкт-Петербург,Санкт-Петербург,Гражданский проспект,31 корп. 2 литера А,1963,5,579692,6,120,532830,111200,60.0078494,30.3945662,7804391903,6548479,Europe/Moscow
Санкт-Петербург,Санкт-Петербург,Гражданский проспект,31 корп. 3 литера А,1963,5,577890,6,122,529744,111200,60.0075814,30.3953871,7804391903,6712777,Europe/Moscow
Санкт-Петербург,Санкт-Петербург,Гражданский проспект,31 корп. 4 литера А,1963,5,581560,6,122,533399,111200,60.0074499,30.3961386,7804391903,6686774,Europe/Moscow
Санкт-Петербург,Санкт-Петербург,Гражданский проспект,32 литера А,1956,3,96460,2,12,91280,113400,60.0095344,30.3927798,7804388890,6922036,Europe/Moscow
Санкт-Петербург,Санкт-Петербург,Гражданский проспект,33 литера А,1973,12,975530,4,134,751880,115000,60.0089882,30.3945538,7804042910,8907055,Europe/Moscow
Санкт-Петербург,Санкт-Петербург,Гражданский проспект,36 литера А,2004,24,4372920,4,582,3613582,117500,60.0115445,30.3946268,7814379550,9350989,Europe/Moscow
Санкт-Петербург,Санкт-Петербург,Гражданский проспект,43 корп. 1 литера А,1959,3,151160,2,22,94117,111200,60.0133829,30.3994650,7804391903,6922040,Europe/Moscow
Санкт-Петербург,Санкт-Петербург,Гражданский проспект,43 корп. 2 литера А,1959,3,151650,1,28,118030,111200,60.0130719,30.4008457,7804391903,6922045,Europe/Moscow
Санкт-Петербург,Санкт-Петербург,Гражданский проспект,45 корп. 1 литера А,1959,3,126250,2,22,96260,111200,60.0137561,30.4000855,7804391903,6922273,Europe/Moscow
Санкт-Петербург,Санкт-Петербург,Гражданский проспект,45 корп. 2 литера А,1958,3,48470,2,13,44255,111200,60.0134189,30.4008711,7804391903,6711872,Europe/Moscow
Санкт-Петербург,Санкт-Петербург,Гражданский проспект,47 корп. 1 литера А,1958,3,45250,1,12,41150,111200,60.0140661,30.4004359,7804391903,6711871,Europe/Moscow
Санкт-Петербург,Санкт-Петербург,Гражданский проспект,47 корп. 2 литера А,1957,3,48600,1,13,44400,111200,60.0135594,30.4013305,7804391903,6922276,Europe/Moscow
Санкт-Петербург,Санкт-Петербург,Гражданский проспект,49 корп. 1 литера А,1959,3,126480,2,23,100290,111200,60.0143786,30.4007089,7804391903,6722075,Europe/Moscow
Санкт-Петербург,Санкт-Петербург,Гражданский проспект,49 корп. 2 литера А,1959,3,48280,1,12,44180,111200,60.0137753,30.4015368,7804391903,6722076,Europe/Moscow
Санкт-Петербург,Санкт-Петербург,Гражданский проспект,51 корп. 1 литера А,1960,3,148010,2,28,116290,111200,60.0148225,30.4009129,7804391903,6922281,Europe/Moscow
Санкт-Петербург,Санкт-Петербург,Гражданский проспект,51 корп. 4 литера А,1959,3,154520,2,31,139040,111200,60.0145045,30.4022794,7804391903,6711870,Europe/Moscow
Санкт-Петербург,Санкт-Петербург,Гражданский проспект,63 литера А,1959,3,46400,1,12,43790,111200,60.0139915,30.4017643,7804391903,6713401,Europe/Moscow
Санкт-Петербург,Санкт-Петербург,Гражданский проспект,65 литера А,1959,3,48700,1,12,44000,111200,60.0142635,30.4017071,7804391903,6713402,Europe/Moscow
Санкт-Петербург,Санкт-Петербург,Гражданский проспект,66 корп. 2 литера А,1958,3,188050,3,33,146770,113400,60.0142033,30.3952887,7804391903,6922283,Europe/Moscow
Санкт-Петербург,Санкт-Петербург,Гражданский проспект,68 литера А,1959,3,202860,3,32,119250,113400,60.0138483,30.3971318,7804391903,6922285,Europe/Moscow
Санкт-Петербург,Санкт-Петербург,Гражданский проспект,70 корп. 2 литера А,1958,3,44820,1,12,40720,111200,60.0142765,30.3961571,7804391903,6548480,Europe/Moscow
Санкт-Петербург,Санкт-Петербург,Гражданский проспект,70 корп. 3 литера А,1958,3,46860,1,12,43010,111200,60.0146262,30.3957076,7804391903,6922295,Europe/Moscow
Санкт-Петербург,Санкт-Петербург,Гражданский проспект,71 литера А,1969,12,680000,1,156,664040,118000,60.0145878,30.4037468,7804182191,6571135,Europe/Moscow
Санкт-Петербург,Санкт-Петербург,Гражданский проспект,72 литера А,1958,3,48080,1,9,32300,113400,60.0141852,30.3974589,7804391903,6922300,Europe/Moscow
Санкт-Петербург,Санкт-Петербург,Гражданский проспект,73 литера А,1968,9,1091280,4,221,961198,117000,60.0152466,30.4026532,7804391903,6686775,Europe/Moscow
Санкт-Петербург,Санкт-Петербург,Гражданский проспект,74 корп. 2 литера А,1958,3,224830,4,48,206810,113400,60.0150361,30.3961242,7804391903,6548481,Europe/Moscow
Санкт-Петербург,Санкт-Петербург,Гражданский проспект,74 корп. 3 литера А,1958,3,48600,1,12,44270,113400,60.0154588,30.3965453,7804391903,6548482,Europe/Moscow
Санкт-Петербург,Санкт-Петербург,Гражданский проспект,75 корп. 1 литера А,1968,9,1250240,6,223,1102239,118000,60.0161270,30.4021801,7804391903,6548483,Europe/Moscow
Санкт-Петербург,Санкт-Петербург,Гражданский проспект,76 литера А,1958,3,217310,4,38,147200,113400,60.0145990,30.3978793,7804391903,6711869,Europe/Moscow
Республика Татарстан,Казань,проспект Победы,15/1,1993,14,522640,1,85,522640,101600,55.7462923,49.1983647,1658141764,6900942,Europe/Moscow
Республика Татарстан,Казань,проспект Победы,15/2,1995,14,533650,1,86,533650,101600,55.7463447,49.1988879,,6900945,Europe/Moscow
Республика Татарстан,Казань,проспект Победы,15/3,1996,14,534305,1,78,493165,101600,55.7463984,49.1994189,,6900948,Europe/Moscow
Республика Татарстан,Казань,проспект Победы,17,1990,9,1551984,7,231,1246031,101600,55.7472131,49.2009422,1658141764,6900975,Europe/Moscow
Республика Татарстан,Казань,проспект Победы,18,1993,9,1267990,6,269,1231260,101600,55.7409494,49.1957380,1655388058,6900999,Europe/Moscow
Республика Татарстан,Казань,проспект Победы,18/1,1993,9,810600,4,135,463810,101600,55.7404777,49.1963494,1659065065,9360035,Europe/Moscow
Республика Татарстан,Казань,проспект Победы,18А,2004,10,633050,2,87,560420,101600,55.7418622,49.1962063,1659054011,6901005,Europe/Moscow
Республика Татарстан,Казань,проспект Победы,19,1987,9,2348959,10,336,1666360,101600,55.7486089,49.2036390,1658141764,6901017,Europe/Moscow
Республика Татарстан,Казань,проспект Победы,20,1993,9,581730,4,257,576940,101600,55.7395453,49.1982010,1659072560,6901026,Europe/Moscow
Республика Татарстан,Казань,проспект Победы,20/1,1994,9,700670,3,100,588280,101600,55.7400083,49.1973996,1655388058,6901032,Europe/Moscow
Республика Татарстан,Казань,проспект Победы,22,1994,10,619090,3,183,616230,101600,55.7412171,49.1987523,1655388058,6901047,Europe/Moscow
Республика Татарстан,Казань,проспект Победы,24,1993,10,630260,3,184,630260,101600,55.7411327,49.1978515,1655388058,6901080,Europe/Moscow
Республика Татарстан,Казань,проспект Победы,26,1993,5,410760,4,69,410760,101600,55.7420274,49.1998593,1655388058,6901083,Europe/Moscow
Республика Татарстан,Казань,проспект Победы,30 корп. 1,1995,9,1093170,5,171,1076070,101600,55.7435547,49.1991402,1655388058,6901086,Europe/Moscow
Республика Татарстан,Казань,проспект Победы,30/2,1995,9,646630,3,108,646630,101600,55.7428443,49.1978390,1655388058,6901089,Europe/Moscow
Республика Татарстан,Казань,проспект Победы,30/3,1995,9,812810,4,126,812810,101600,55.7422102,49.1972476,1655388058,6901092,Europe/Moscow
Республика Татарстан,Казань,проспект Победы,30/4,1995,9,793480,4,135,793480,101600,55.7420068,49.1981164,1655388058,6901101,Europe/Moscow
Республика Татарстан,Казань,проспект Победы,32,1998,9,830820,4,126,829820,101600,55.7428759,49.1996591,1655388058,6901104,Europe/Moscow
Республика Татарстан,Казань,проспект Победы,33,1976,9,2018356,6,196,1053020,101600,55.7519352,49.2099608,,6901107,Europe/Moscow
Республика Татарстан,Казань,проспект Победы,34,1987,9,1929380,10,324,1898310,101600,55.7450787,49.2022592,1655388058,6901110,Europe/Moscow
Республика Татарстан,Казань,проспект Победы,35,2002,6,137020,1,16,128660,101600,55.7527637,49.2113172,1659042149,6901113,Europe/Moscow
Республика Татарстан,Казань,проспект Победы,35а,2002,11,416330,1,60,405440,101600,55.7530925,49.2114793,1659047732,6901116,Europe/Moscow
Республика Татарстан,Казань,проспект Победы,35б,2005,11,437680,1,60,407330,101600,55.7533913,49.2119031,1659079029,6901119,Europe/Moscow
Республика Татарстан,Казань,проспект Победы,38,1988,9,430240,2,73,385240,101600,55.7443707,49.2036010,1659015589,6901122,Europe/Moscow
Республика Татарстан,Казань,проспект Победы,39,1978,9,2130047,6,196,1047107,101600,55.7540391,49.2135848,,6901125,Europe/Moscow
Республика Татарстан,Казань,проспект Победы,40,1988,9,860750,4,280,756530,101600,55.7449270,49.2037909,1659015593,6901128,Europe/Moscow
Республика Татарстан,Казань,проспект Победы,41,1977,9,1208120,2,237,578300,101600,55.7550316,49.2142125,,6901134,Europe/Moscow
Республика Татарстан,Казань,проспект Победы,42,1988,9,568940,3,112,567440,101600,55.7450947,49.2049512,1655388058,6901137,Europe/Moscow
Республика Татарстан,Казань,проспект Победы,43,2001,11,622600,2,77,476240,101600,55.7549316,49.2150827,1659046305,6901140,Europe/Moscow
Республика Татарстан,Казань,проспект Победы,44,1987,9,1055410,5,180,985730,101600,55.7455028,49.2058860,1659015579,6901143,Europe/Moscow
Республика Татарстан,Казань,проспект Победы,45,1976,9,517333,6,206,327633,101600,55.7555509,49.2157438,,6901146,Europe/Moscow
Республика Татарстан,Казань,проспект Победы,46,2013,19,1295800,1,100,838642,101600,55.7473135,49.2062655,1659066622,8976971,Europe/Moscow
Республика Татарстан,Казань,проспект Победы,46А,2013,19,1048690,2,101,703980,101600,55.7468079,49.2060368,,9104682,Europe/Moscow
Республика Татарстан,Казань,проспект Победы,46Б,2013,19,1042550,1,101,713700,101600,55.7468901,49.2069533,1659066622,9104679,Europe/Moscow
Республика Татарстан,Казань,проспект Победы,47,1975,9,819033,2,42,624873,101600,55.7560913,49.2148000,,6901149,Europe/Moscow
Республика Татарстан,Казань,проспект Победы,56,1989,9,2927710,8,286,1603020,101600,55.7502773,49.2115395,,6901152,Europe/Moscow
Республика Татарстан,Казань,проспект Победы,57А,2002,10,659905,4,129,451063,101600,55.7759791,49.2116892,,6901155,Europe/Moscow
Республика Татарстан,Казань,проспект Победы,57Б,2015,14,1046170,1,137,718510,101600,55.7767013,49.2116918,1659067697,9084027,Europe/Moscow
Республика Татарстан,Казань,проспект Победы,58,1975,9,1224200,5,148,792450,101600,55.7497259,49.2130962,,6901158,Europe/Moscow
Республика Татарстан,Казань,проспект Победы,60,1975,9,1225890,4,148,794220,101600,55.7502582,49.2141035,,6901161,Europe/Moscow
Республика Татарстан,Казань,проспект Победы,62/1,1981,14,494920,1,193,465120,101600,55.7517876,49.2149915,1659015434,6901167,Europe/Moscow
Республика Татарстан,Казань,проспект Победы,62/2,1981,14,733540,1,97,455210,101600,55.7515658,49.2147367,,6901170,Europe/Moscow
Республика Татарстан,Казань,проспект Победы,62/3,1981,14,490110,1,94,268360,101600,55.7512945,49.2140952,1659015466,6901173,Europe/Moscow
Республика Татарстан,Казань,проспект Победы,62/4,1982,14,732310,1,99,459410,101600,55.7510755,49.2138312,,6901176,Europe/Moscow
Республика Татарстан,Казань,проспект Победы,66,1975,9,1202074,4,148,799134,101600,55.7513109,49.2164313,,6901179,Europe/Moscow
Республика Татарстан,Казань,проспект Победы,68,1975,9,1207683,6,148,801323,101600,55.7508371,49.2175158,,6901182,Europe/Moscow
Республика Татарстан,Казань,проспект Победы,70,1975,9,1206800,4,146,800520,101600,55.7513605,49.2185520,,6901185,Europe/Moscow
Республика Татарстан,Казань,проспект Победы,72,1974,9,1086960,5,180,590600,101600,55.7520722,49.2164917,1659015755,6901188,Europe/Moscow
Республика Татарстан,Казань,проспект Победы,72А,1976,9,1296890,6,432,705310,101600,55.7521228,49.2186763,1659015385,6901191,Europe/Moscow
Республика Татарстан,Казань,проспект Победы,76,1993,10,609950,2,80,430020,101600,55.7627536,49.2217478,1660084143,6901194,Europe/Moscow
Республика Татарстан,Казань,проспект Победы,78,2000,17,10840756,13,1490,7136921,101600,55.7635670,49.2206233,1660084143,6901200,Europe/Moscow
Республика Татарстан,Казань,проспект Победы,80,1993,10,1221020,4,160,862010,101600,55.7634931,49.2217426,1660084143,6901218,Europe/Moscow
Республика Татарстан,Казань,проспект Победы,84,1992,10,616300,2,80,434830,101600,55.7642845,49.2217622,1660084143,6901221,Europe/Moscow
Республика Татарстан,Казань,проспект Победы,88,1992,9,506200,2,54,365670,101600,55.7650606,49.2217529,1660084143,6901224,Europe/Moscow
Республика Татарстан,Казань,проспект Победы,90,2013,16,1345860,2,103,863887,101600,55.7662116,49.2206063,,8973640,Europe/Moscow
Москва,Москва,Дмитровское шоссе,1 к.1,1932,5,737600,10,154,668828,326300,55.8107770,37.5785027,7709722672,7631339,Europe/Moscow
Москва,Москва,Дмитровское шоссе,3 к.1,1960,10,1109300,3,148,933166,326300,55.8116451,37.5765945,7709722672,7631347,Europe/Moscow
Москва,Москва,Дмитровское шоссе,3 к.2,1960,5,346700,3,43,257327,326300,55.8113497,37.5751183,7713595699,7585424,Europe/Moscow
Москва,Москва,Дмитровское шоссе,5 к.1,1941,7,1744800,14,126,934323,326300,55.8125424,37.5773991,7709722672,7631354,Europe/Moscow
Москва,Москва,Дмитровское шоссе,7 к.1,1938,6,466500,5,49,291230,326300,55.8138365,37.5730750,7713595699,7585425,Europe/Moscow
Москва,Москва,Дмитровское шоссе,7 к.2,1941,8,1824200,6,203,1380836,326300,55.8138717,37.5765788,7713595699,7585428,Europe/Moscow
Москва,Москва,Дмитровское шоссе,15 к.1,1962,9,317900,1,64,215818,326300,55.8195950,37.5733523,7713798635,7585460,Europe/Moscow
Москва,Москва,Дмитровское шоссе,17 к.1,1961,5,344900,4,80,307613,326300,55.8201909,37.5726510,7713798635,7585467,Europe/Moscow
Москва,Москва,Дмитровское шоссе,17 к.2,1962,9,281300,1,64,220886,326300,55.8209694,37.5728218,7713798635,7585473,Europe/Moscow
Москва,Москва,Дмитровское шоссе,19 к.1,1959,5,355700,4,76,307801,326300,55.8213398,37.5721839,7713595699,7585480,Europe/Moscow
Москва,Москва,Дмитровское шоссе,19 к.2,1962,9,315100,1,64,215155,326300,55.8219549,37.5724134,7713595699,7585485,Europe/Moscow
Москва,Москва,Дмитровское шоссе,21 к.1,1960,5,345100,4,78,310458,326300,55.8223972,37.5717693,7713595699,7585490,Europe/Moscow
Москва,Москва,Дмитровское шоссе,21 к.2,1962,9,296500,1,64,218632,326300,55.8231293,37.5719456,7713595699,7585498,Europe/Moscow
Москва,Москва,Дмитровское шоссе,25 к.1,1957,9,1830600,6,177,1410351,326300,55.8252233,37.5711401,7713595699,7585505,Europe/Moscow
Москва,Москва,Дмитровское шоссе,27 к.2,1970,9,1048200,6,213,937517,326300,55.8272733,37.5707247,7713595699,7585511,Europe/Moscow
Москва,Москва,Дмитровское шоссе,27 к.3,1974,12,757800,3,143,667789,326300,55.8272789,37.5688227,7713595699,7585515,Europe/Moscow
Москва,Москва,Дмитровское шоссе,27 к.4,1994,14,248300,1,69,223932,326300,55.8266970,37.5688194,7713595699,7585516,Europe/Moscow
Москва,Москва,Дмитровское шоссе,28,1961,5,345500,4,80,300644,326300,55.8381655,37.5748127,7713798635,7588315,Europe/Moscow
Москва,Москва,Дмитровское шоссе,29 к.1,1970,9,2067900,10,346,0,326300,55.8285035,37.5718565,7713798635,7880620,Europe/Moscow
Москва,Москва,Дмитровское шоссе,30 к.1,1962,5,407500,4,64,246295,326300,55.8384142,37.5738147,7713798635,7588462,Europe/Moscow
Москва,Москва,Дмитровское шоссе,31,1971,12,360700,1,96,360700,326300,55.8286408,37.5705985,7713798635,7880632,Europe/Moscow
Москва,Москва,Дмитровское шоссе,32 к.2,1960,5,253500,3,60,206946,326300,55.8393136,37.5747867,7713798635,7588473,Europe/Moscow
Москва,Москва,Дмитровское шоссе,32 к.3,1958,4,215600,3,36,175255,326300,55.8395500,37.5755442,7713798635,7588475,Europe/Moscow
Москва,Москва,Дмитровское шоссе,33 к.1,1971,9,1454400,8,278,1262215,326300,55.8288758,37.5695273,7713595699,7588478,Europe/Moscow
Москва,Москва,Дмитровское шоссе,33 к.2,1974,12,723900,3,141,678545,326300,55.8299316,37.5687100,7713595699,7588482,Europe/Moscow
Москва,Москва,Дмитровское шоссе,33 к.4,1990,16,529800,1,107,459718,326300,55.8284369,37.5683318,7713595699,7588490,Europe/Moscow
Москва,Москва,Дмитровское шоссе,33 к.5,1992,16,641200,1,108,506960,326300,55.8289529,37.5678386,7713595699,7588492,Europe/Moscow
Москва,Москва,Дмитровское шоссе,33 к.6,1994,17,746700,2,132,743052,326300,55.8290055,37.5666609,,7880647,Europe/Moscow
Москва,Москва,Дмитровское шоссе,33 к.7,1994,17,741400,2,135,736359,326300,55.8283144,37.5669839,,7880661,Europe/Moscow
Москва,Москва,Дмитровское шоссе,34 к.1,1960,8,1013700,4,115,776761,326300,55.8398407,37.5733399,7713595699,7588496,Europe/Moscow
Москва,Москва,Дмитровское шоссе,35 к.1,1971,9,1093200,6,215,1006684,326300,55.8298263,37.5704187,7713595699,7588512,Europe/Moscow
Москва,Москва,Дмитровское шоссе,36 к.1,1957,5,384200,3,50,326546,326300,55.8404619,37.5725553,7731419103,7588525,Europe/Moscow
Москва,Москва,Дмитровское шоссе,37 к.1,1970,9,2079600,10,346,32261,326300,55.8309500,37.5717406,7713798635,7880667,Europe/Moscow
Москва,Москва,Дмитровское шоссе,38 к.1,1959,5,359800,3,45,268373,326300,55.8407764,37.5714364,7713798635,7588534,Europe/Moscow
Москва,Москва,Дмитровское шоссе,39 к.1,1969,9,1452500,8,285,1351363,326300,55.8314359,37.5694425,7713595699,7588536,Europe/Moscow
Москва,Москва,Дмитровское шоссе,39 к.2,1970,12,360000,1,96,360000,326300,55.8312432,37.5706164,7713798635,7880676,Europe/Moscow
Москва,Москва,Дмитровское шоссе,40 к.1,1958,5,387500,3,41,282682,326300,55.8413513,37.5714071,7713798635,7645105,Europe/Moscow
Москва,Москва,Дмитровское шоссе,41 к.1,1969,9,1070500,6,215,1008093,326300,55.8324451,37.5706636,7713595699,7645134,Europe/Moscow
Москва,Москва,Дмитровское шоссе,41 к.2,1974,12,721800,3,143,674115,326300,55.8325573,37.5687054,7713595699,7645172,Europe/Moscow
Москва,Москва,Дмитровское шоссе,42,1960,8,1513100,6,162,1090347,326300,55.8422667,37.5705758,7713595699,7645181,Europe/Moscow
Москва,Москва,Дмитровское шоссе,43 к.1,1970,9,2091400,10,345,1506258,326300,55.8335085,37.5717009,7713595699,7645188,Europe/Moscow
Москва,Москва,Дмитровское шоссе,44 к.1,1957,5,403000,3,50,323970,326300,55.8432047,37.5711587,7713595699,7645199,Europe/Moscow
Москва,Москва,Дмитровское шоссе,44 к.2,1972,9,570000,2,178,540737,326300,55.8435808,37.5722687,7713595699,7645212,Europe/Moscow
Москва,Москва,Дмитровское шоссе,44 к.3,1957,5,362300,3,49,321833,326300,55.8428976,37.5723480,7713595699,7645225,Europe/Moscow
Москва,Москва,Дмитровское шоссе,45 к.1,1970,9,722600,4,144,678855,326300,55.8342583,37.5702491,7713595699,7645232,Europe/Moscow
Москва,Москва,Дмитровское шоссе,45 к.2,1974,14,533700,1,96,411619,326300,55.8337923,37.5685077,7713798635,7880692,Europe/Moscow
Москва,Москва,Дмитровское шоссе,45 к.3,1974,14,421300,1,98,421300,326300,55.8332811,37.5686673,7713798635,7880700,Europe/Moscow
Москва,Москва,Дмитровское шоссе,46 к.1,1961,8,1585500,6,167,1162471,326300,55.8439272,37.5699203,7713595699,7645235,Europe/Moscow
Москва,Москва,Дмитровское шоссе,48 к.1,1958,5,400900,3,50,263634,326300,55.8449251,37.5704936,7713595699,7645238,Europe/Moscow
Москва,Москва,Дмитровское шоссе,48 к.2,1961,5,249600,3,60,209468,326300,55.8453420,37.5711695,7713595699,7645269,Europe/Moscow
Москва,Москва,Дмитровское шоссе,50 к.1,1963,8,1465500,6,164,1142120,326300,55.8456018,37.5692847,7713595699,7645270,Europe/Moscow
Москва,Москва,Дмитровское шоссе,51 к.1,1961,8,1528100,6,164,1129129,326300,55.8420299,37.5690633,7731419103,7769807,Europe/Moscow
Москва,Москва,Дмитровское шоссе,52 к.1,1959,7,984400,4,108,699300,326300,55.8469454,37.5687465,7731419103,7781040,Europe/Moscow
Москва,Москва,Дмитровское шоссе,52 к.2,1961,5,338000,4,80,273056,326300,55.8474184,37.5696740,7713595699,7645282,Europe/Moscow
Москва,Москва,Дмитровское шоссе,57 к.1,1959,5,387500,3,50,326389,326300,55.8444593,37.5671513,7713595699,7645299,Europe/Moscow
Москва,Москва,Профсоюзная улица,5/9,1957,8,2452500,11,287,1964948,326300,55.6847823,37.5722561,7728848617,8003565,Europe/Moscow
Москва,Москва,Профсоюзная улица,7/12,1955,9,2722600,11,327,2170881,326300,55.6836756,37.5711200,7728848617,8004147,Europe/Moscow
Москва,Москва,Профсоюзная улица,9,1957,9,1236300,5,150,1050458,326300,55.6825224,37.5689980,7728848617,8004149,Europe/Moscow
Москва,Москва,Профсоюзная улица,11/11,1957,9,2736400,11,328,2233079,326300,55.6816691,37.5689201,7728848617,8004152,Europe/Moscow
Москва,Москва,Профсоюзная улица,13/12,1958,8,1212000,5,138,883922,326300,55.6804559,37.5663319,7728848617,8004153,Europe/Moscow
Москва,Москва,Профсоюзная улица,15,1960,8,1068800,4,146,775639,326300,55.6794291,37.5652825,7728848617,8004154,Europe/Moscow
Москва,Москва,Профсоюзная улица,16/10,1955,9,2694200,11,324,2151217,326300,55.6842667,37.5689183,7728848617,8004156,Europe/Moscow
Москва,Москва,Профсоюзная улица,17 к.1,1957,5,427200,3,46,332758,326300,55.6787025,37.5656990,7728848617,8004158,Europe/Moscow
Москва,Москва,Профсоюзная улица,17 к.2,1958,5,439300,3,44,297789,326300,55.6783408,37.5668601,7728848617,8004159,Europe/Moscow
Москва,Москва,Профсоюзная улица,17 к.3,1959,4,243900,3,35,170598,326300,55.6780667,37.5658242,7728848617,8004160,Europe/Moscow
Москва,Москва,Профсоюзная улица,18 к.1,1954,9,1225600,5,139,956498,326300,55.6833050,37.5675662,7728848617,8004162,Europe/Moscow
Москва,Москва,Профсоюзная улица,19,1960,8,629400,4,111,440569,326300,55.6784445,37.5642593,7728848617,8004164,Europe/Moscow
Москва,Москва,Профсоюзная улица,20/9,1954,9,2635000,11,325,2140575,326300,55.6822660,37.5667858,7728848617,8004165,Europe/Moscow
Москва,Москва,Профсоюзная улица,22/10 к.1,1958,8,1218000,5,135,930146,326300,55.6810766,37.5655441,7728848617,8004166,Europe/Moscow
Москва,Москва,Профсоюзная улица,22/10 к.2,1957,5,410700,3,50,341198,326300,55.6809431,37.5640867,7728848617,8004167,Europe/Moscow
Москва,Москва,Профсоюзная улица,24 к.1,1957,8,1209500,5,134,922970,326300,55.6800019,37.5643878,7728848617,8004168,Europe/Moscow
Москва,Москва,Профсоюзная улица,24 к.2,1958,5,591700,4,69,452320,326300,55.6806123,37.5637362,7728848617,8004169,Europe/Moscow
Москва,Москва,Профсоюзная улица,24 к.3,1957,5,557700,4,60,396598,326300,55.6799074,37.5624557,7728848617,8004173,Europe/Moscow
Москва,Москва,Профсоюзная улица,25,2009,24,1613500,3,276,1467228,326300,55.6741178,37.5606805,7727178374,7555959,Europe/Moscow
Москва,Москва,Профсоюзная улица,25 к.1,2009,25,4919400,3,241,2950257,326300,55.6740350,37.5625371,7726055612,7608956,Europe/Moscow
Москва,Москва,Профсоюзная улица,26/44,1959,8,975700,4,112,739954,326300,55.6789301,37.5632189,7728848617,8004175,Europe/Moscow
Москва,Москва,Профсоюзная улица,28/53,1961,8,220500,1,64,198891,326300,55.6777430,37.5611949,7727178374,7555978,Europe/Moscow
Москва,Москва,Профсоюзная улица,30 к.2,2004,17,840200,2,127,759794,326300,55.6778957,37.5605318,7727178374,7555999,Europe/Moscow
Москва,Москва,Профсоюзная улица,30 к.4,2003,17,839700,2,135,808849,326300,55.6779518,37.5592713,7727178374,7556005,Europe/Moscow
Москва,Москва,Профсоюзная улица,32,2020,22,980000,1,105,566600,326300,55.6773217,37.5609089,7727178374,9389060,Europe/Moscow
Москва,Москва,Профсоюзная улица,41,2010,26,2351400,1,103,1228902,326300,55.6699750,37.5561367,7727774916,7656595,Europe/Moscow
Москва,Москва,Профсоюзная улица,42 к.1,1968,10,795900,4,143,678191,326300,55.6745393,37.5581389,7727178374,7556046,Europe/Moscow
Москва,Москва,Профсоюзная улица,42 к.3,1975,12,947900,3,168,923298,326300,55.6755233,37.5544461,7727178374,7556050,Europe/Moscow
Москва,Москва,Профсоюзная улица,42 к.4,2003,17,1315300,3,202,1216351,326300,55.6752986,37.5563215,7728650110,7629222,Europe/Moscow
Москва,Москва,Профсоюзная улица,43 к.1,1983,14,2954500,7,262,2755560,326300,55.6681799,37.5537327,7730199840,7716817,Europe/Moscow
Москва,Москва,Профсоюзная улица,43 к.2,1987,16,3656200,14,592,3460225,326300,55.6672364,37.5557795,7730199840,7716831,Europe/Moscow
Москва,Москва,Профсоюзная улица,44 к.2,1963,9,257600,1,71,233751,326300,55.6749663,37.5554905,7727178374,7556056,Europe/Moscow
Москва,Москва,Профсоюзная улица,44 к.3,1963,9,257800,1,72,239612,326300,55.6748376,37.5549332,7727178374,7556058,Europe/Moscow
Москва,Москва,Профсоюзная улица,44 к.4,1963,9,258700,1,71,244792,326300,55.6742673,37.5542515,7727178374,7556072,Europe/Moscow
Москва,Москва,Профсоюзная улица,44 к.5,1963,9,256000,1,70,225084,326300,55.6741077,37.5536251,7727178374,7556074,Europe/Moscow
Москва,Москва,Профсоюзная улица,44 к.6,1963,9,259800,1,71,250272,326300,55.6747062,37.5529966,7727178374,7556076,Europe/Moscow
Москва,Москва,Профсоюзная улица,44 к.7,1963,9,259700,1,71,234863,326300,55.6745622,37.5523858,7727178374,7556079,Europe/Moscow
Москва,Москва,Профсоюзная улица,45 к.1,1988,14,1102600,3,100,1064401,326300,55.6662555,37.5529084,7730199840,7716835,Europe/Moscow
Москва,Москва,Профсоюзная улица,55,1974,16,763100,1,135,605442,326300,55.6645145,37.5498812,7727178374,8144779,Europe/Moscow
Москва,Москва,Профсоюзная улица,58 к.4,2004,19,2810700,5,409,2561327,326300,55.6692692,37.5503137,7728252750,7557281,Europe/Moscow
Москва,Москва,Профсоюзная улица,60,1999,17,2249800,6,374,2032232,326300,55.6678238,37.5482883,7728252750,7557336,Europe/Moscow
Москва,Москва,Профсоюзная улица,62 к.4,1977,14,423100,1,98,399512,326300,55.6680298,37.5466493,7728252750,7557355,Europe/Moscow
Москва,Москва,Профсоюзная улица,64 к.2,2012,40,8654400,2,444,4050901,326300,55.6659085,37.5486163,7728822640,8205536,Europe/Moscow
Москва,Москва,Профсоюзная улица,68 к.1,2018,23,1616740,1,198,1268701,326300,55.6646579,37.5460750,7701208190,9370539,Europe/Moscow
Москва,Москва,Профсоюзная улица,68 к.2,2018,24,1796330,1,176,1273700,326300,55.6640611,37.5462270,7701208190,9372614,Europe/Moscow
Москва,Москва,Профсоюзная улица,68 к.3,2018,23,1626380,1,176,1282080,326300,55.6648162,37.5449839,7701208190,9372600,Europe/Moscow
Москва,Москва,Профсоюзная улица,68 к.4,2018,24,1690970,1,180,1256972,326300,55.6641116,37.5449114,7701208190,9372613,Europe/Moscow
Москва,Москва,Профсоюзная улица,73,1973,15,1051200,1,218,406540,326300,55.6486660,37.5327306,7728898752,8065502,Europe/Moscow
Москва,Москва,Профсоюзная улица,75 к.1,1969,9,754800,4,143,745736,326300,55.6476872,37.5336102,,7960847,Europe/Moscow
Москва,Москва,Профсоюзная улица,75 к.2,1969,9,747800,4,143,709027,326300,55.6481838,37.5347046,7728898752,7960851,Europe/Moscow
Москва,Москва,Профсоюзная улица,75 к.4,1969,9,745700,4,143,709963,326300,55.6468420,37.5347316,7728898752,7960853,Europe/Moscow
Москва,Москва,Профсоюзная улица,77,1969,9,1272800,7,251,1158384,326300,55.6474713,37.5317549,7728898752,7960862,Europe/Moscow
Москва,Москва,Профсоюзная улица,79,1968,9,746300,4,143,715010,326300,55.6462810,37.5312541,7728898752,7960870,Europe/Moscow
Москва,Москва,Профсоюзная улица,85 к.2,1970,9,743000,4,143,699854,326300,55.6442479,37.5304432,7728898752,7960877,Europe/Moscow
Москва,Москва,Профсоюзная улица,87/49,1971,9,747800,4,143,706080,326300,55.6428539,37.5284322,7728898752,7960886,Europe/Moscow
Москва,Москва,Каширское шоссе,2 к.1,1960,8,741100,3,89,433174,326300,55.6692836,37.6277077,7725796400,8083690,Europe/Moscow
Москва,Москва,Каширское шоссе,4 к.1,1961,8,933900,6,179,687965,326300,55.6681165,37.6281718,7725796400,8083699,Europe/Moscow
Москва,Москва,Каширское шоссе,4 к.3,1960,8,996900,5,154,797717,326300,55.6680011,37.6257941,7725796400,8083701,Europe/Moscow
Москва,Москва,Каширское шоссе,5 к.1,1959,8,1689300,7,195,1184984,326300,55.6708060,37.6284234,7725796400,8084118,Europe/Moscow
Москва,Москва,Каширское шоссе,6 к.1,1961,8,244800,1,64,204194,326300,55.6675196,37.6282211,7725796400,8084433,Europe/Moscow
Москва,Москва,Каширское шоссе,7 к.1,1961,9,2272600,8,306,1715720,326300,55.6695045,37.6289037,7725796400,8084441,Europe/Moscow
Москва,Москва,Каширское шоссе,7 к.2,1947,3,149600,2,17,100230,326300,55.6694937,37.6295591,7725796400,8084447,Europe/Moscow
Москва,Москва,Каширское шоссе,7 к.3,1956,5,307300,2,32,157611,326300,55.6694982,37.6304742,7725796400,8084458,Europe/Moscow
Москва,Москва,Каширское шоссе,8 к.1,1959,8,742700,3,89,534407,326300,55.6669156,37.6286698,7725796400,8084466,Europe/Moscow
Москва,Москва,Каширское шоссе,8 к.2,1959,8,750300,3,88,489440,326300,55.6668434,37.6276897,7725796400,8084542,Europe/Moscow
Москва,Москва,Каширское шоссе,8 к.3,1959,8,744700,3,80,479956,326300,55.6667790,37.6267546,7725796400,8084550,Europe/Moscow
Москва,Москва,Каширское шоссе,8 к.4,1960,8,743900,3,94,556932,326300,55.6668018,37.6258355,7725796400,8084554,Europe/Moscow
Москва,Москва,Каширское шоссе,9 к.1,1959,8,719200,3,89,551851,326300,55.6682526,37.6293788,7725796400,8084562,Europe/Moscow
Москва,Москва,Каширское шоссе,11 к.1,1959,8,972200,4,123,738925,326300,55.6675026,37.6300523,7725796400,8084600,Europe/Moscow
Москва,Москва,Каширское шоссе,11 к.3,2023,1,1806800,2,186,474000,326300,55.6673577,37.6314465,7725796400,7819518,Europe/Moscow
Москва,Москва,Каширское шоссе,13 к.1,1959,8,725700,3,80,473380,326300,55.6667864,37.6299149,7725796400,8084613,Europe/Moscow
Москва,Москва,Каширское шоссе,16,1954,8,2721900,11,287,1992986,326300,55.6621280,37.6296383,7724554831,7651752,Europe/Moscow
Москва,Москва,Каширское шоссе,26 к.1,1965,9,361900,1,64,218882,326300,55.6541446,37.6491670,7724905423,8080429,Europe/Moscow
Москва,Москва,Каширское шоссе,26 к.2,1965,9,371800,1,68,238237,326300,55.6534955,37.6482542,7724180343,9074850,Europe/Moscow
Москва,Москва,Каширское шоссе,26 к.3,1965,9,350800,1,67,226978,326300,55.6529306,37.6473682,7724905423,8080229,Europe/Moscow
Москва,Москва,Каширское шоссе,28 к.1,1965,6,397200,4,58,373983,326300,55.6535430,37.6494829,7724905423,8080233,Europe/Moscow
Москва,Москва,Каширское шоссе,28 к.2,1965,5,345200,4,72,288693,326300,55.6529637,37.6486643,7724905423,8080239,Europe/Moscow
Москва,Москва,Каширское шоссе,28 к.3,1965,5,351200,4,80,302781,326300,55.6523569,37.6478108,7724905423,8080698,Europe/Moscow
Москва,Москва,Каширское шоссе,32 к.1,1984,14,424400,1,78,372177,326300,55.6522666,37.6489314,7724905423,8080434,Europe/Moscow
Москва,Москва,Каширское шоссе,32 к.2,1986,14,428300,1,77,382347,326300,55.6518685,37.6491288,7724905423,8080439,Europe/Moscow
Москва,Москва,Каширское шоссе,32 к.3,1985,14,429600,1,78,367989,326300,55.6515077,37.6487885,7724905423,8080248,Europe/Moscow
Москва,Москва,Каширское шоссе,36,1963,9,257200,1,72,213355,326300,55.6496587,37.6593133,7724905423,8080446,Europe/Moscow
Москва,Москва,Каширское шоссе,38,1963,9,258800,1,72,237127,326300,55.6492987,37.6602419,7724905423,8080451,Europe/Moscow
Москва,Москва,Каширское шоссе,40,1963,9,255000,1,72,228873,326300,55.6489364,37.6611433,7724905423,8080457,Europe/Moscow
Москва,Москва,Каширское шоссе,44,1959,5,258600,3,38,184686,326300,55.6483193,37.6637414,7724905423,8080254,Europe/Moscow
Москва,Москва,Каширское шоссе,44 к.1,1958,5,257700,3,43,206631,326300,55.6482727,37.6630641,7724905423,8080258,Europe/Moscow
Москва,Москва,Каширское шоссе,44 к.2,1959,5,361200,4,55,259931,326300,55.6476047,37.6622102,7724905423,8080461,Europe/Moscow
Москва,Москва,Каширское шоссе,44 к.3,1960,5,245900,3,60,219507,326300,55.6472926,37.6629731,7724905423,8080467,Europe/Moscow
Москва,Москва,Каширское шоссе,46 к.1,1960,5,403500,4,68,241600,326300,55.6478920,37.6648314,7724905423,8080260,Europe/Moscow
Москва,Москва,Каширское шоссе,46 к.2,1958,5,388800,3,50,300770,326300,55.6473638,37.6642318,7724905423,8080470,Europe/Moscow
Москва,Москва,Каширское шоссе,46 к.3,1958,5,165700,2,30,136866,326300,55.6469493,37.6633210,7724905423,8080265,Europe/Moscow
Москва,Москва,Каширское шоссе,48 к.1,1961,5,411800,4,70,249261,326300,55.6474222,37.6660816,7724905423,8080267,Europe/Moscow
Москва,Москва,Каширское шоссе,48 к.2,1958,5,385400,3,42,274742,326300,55.6469309,37.6653019,7724905423,8080270,Europe/Moscow
Москва,Москва,Каширское шоссе,48 к.3,1958,5,164900,2,30,145131,326300,55.6462753,37.6649396,7724905423,8080276,Europe/Moscow
Москва,Москва,Каширское шоссе,50 к.1,1960,5,497300,5,90,301621,326300,55.6470771,37.6670023,7724905423,8080304,Europe/Moscow
Москва,Москва,Каширское шоссе,50 к.2,1960,5,162600,2,30,155351,326300,55.6463044,37.6664865,7724905423,8080476,Europe/Moscow
Москва,Москва,Каширское шоссе,50 к.2А,1959,5,290200,3,45,206859,326300,55.6459331,37.6665126,7724905423,8080308,Europe/Moscow
Москва,Москва,Каширское шоссе,50 к.3,1958,5,165100,2,30,120492,326300,55.6462698,37.6656502,7724905423,8080480,Europe/Moscow
Москва,Москва,Каширское шоссе,51 к.2,1988,22,2164000,4,348,1949829,326300,55.6398714,37.6910518,7724905423,8080490,Europe/Moscow
Москва,Москва,Каширское шоссе,51 к.5,1988,22,1762700,3,261,1609857,326300,55.6407567,37.6922726,7724905423,8080492,Europe/Moscow
Москва,Москва,Каширское шоссе,53 к.1,1988,17,1089100,2,128,613534,326300,55.6389747,37.6914508,7724905423,8080496,Europe/Moscow
Москва,Москва,Каширское шоссе,53 к.3,1988,17,1493700,4,271,1383887,326300,55.6393234,37.6927164,7724905423,8080498,Europe/Moscow
Москва,Москва,Каширское шоссе,53 к.5,1988,17,1125100,3,203,1042783,326300,55.6402165,37.6932788,7724905423,8080499,Europe/Moscow
Москва,Москва,Каширское шоссе,54 к.1,1957,5,593200,4,56,347289,326300,55.6457632,37.6695394,7724905423,8080314,Europe/Moscow
Москва,Москва,Каширское шоссе,54 к.2,1961,5,190000,2,40,138607,326300,55.6453493,37.6690360,7724905423,8080322,Europe/Moscow
Москва,Москва,Каширское шоссе,54 к.2А,1964,5,272400,3,59,210767,326300,55.6452229,37.6684032,7724905423,8080510,Europe/Moscow
Москва,Москва,Каширское шоссе,55 к.1,1988,17,1876500,5,328,1717941,326300,55.6380769,37.6936825,7724905423,8080513,Europe/Moscow
Москва,Москва,Каширское шоссе,55 к.2,1988,17,1499300,4,271,1349056,326300,55.6388214,37.6938567,7724905423,8080517,Europe/Moscow
Москва,Москва,Каширское шоссе,55 к.3,1988,17,1496200,4,271,1400279,326300,55.6383174,37.6955301,7724905423,8080524,Europe/Moscow
Москва,Москва,Каширское шоссе,55 к.5,1988,17,1123200,3,192,981054,326300,55.6394236,37.6952333,7724905423,8080528,Europe/Moscow
Москва,Москва,Варшавское шоссе,2,1958,11,2894100,9,350,2347469,326300,55.7003945,37.6196532,7725815123,8155933,Europe/Moscow
Москва,Москва,Варшавское шоссе,4,1917,3,80700,1,10,66182,326300,55.6997940,37.6194368,7725815123,8155955,Europe/Moscow
Москва,Москва,Варшавское шоссе,6,1963,7,154600,1,34,134690,326300,55.6995578,37.6194902,7725815123,8155966,Europe/Moscow
Москва,Москва,Варшавское шоссе,10 к.1,1963,8,1443800,6,170,1100002,326300,55.6980987,37.6198226,7725815123,8155874,Europe/Moscow
Москва,Москва,Варшавское шоссе,13,1961,9,1052100,5,150,765229,326300,55.6992864,37.6213170,7725815123,8155907,Europe/Moscow
Москва,Москва,Варшавское шоссе,16,1958,13,2054900,7,255,1676307,326300,55.6933186,37.6208841,7725815123,8155913,Europe/Moscow
Москва,Москва,Варшавское шоссе,16 к.1,2006,18,1476400,3,201,1390130,326300,55.6931661,37.6178693,7701208190,7569141,Europe/Moscow
Москва,Москва,Варшавское шоссе,16 к.2,2006,18,1391700,3,201,1211543,326300,55.6924306,37.6180835,7701208190,7569150,Europe/Moscow
Москва,Москва,Варшавское шоссе,16 к.3,2006,12,568400,3,84,514677,326300,55.6925479,37.6190944,7701208190,7569156,Europe/Moscow
Москва,Москва,Варшавское шоссе,18 к.1,1962,8,811600,5,140,573012,326300,55.6919395,37.6208840,7725815123,8155921,Europe/Moscow
Москва,Москва,Варшавское шоссе,18 к.2,1962,8,817700,5,150,600809,326300,55.6912789,37.6201900,7725815123,8155928,Europe/Moscow
Москва,Москва,Варшавское шоссе,18 к.3,1961,8,780700,5,145,576557,326300,55.6917288,37.6193120,7725815123,8155931,Europe/Moscow
Москва,Москва,Варшавское шоссе,47 к.1,1961,8,856200,4,125,768321,326300,55.6789669,37.6266505,7725796400,8083280,Europe/Moscow
Москва,Москва,Варшавское шоссе,49 к.1,1962,9,263700,1,72,244912,326300,55.6782709,37.6262670,7725796400,8083451,Europe/Moscow
Москва,Москва,Варшавское шоссе,50,1968,12,513900,1,81,320896,326300,55.6673239,37.6210747,7726738619,7918520,Europe/Moscow
Москва,Москва,Варшавское шоссе,51 к.3,2006,16,1235700,3,180,1115797,326300,55.6778186,37.6287148,7701208190,7577656,Europe/Moscow
Москва,Москва,Варшавское шоссе,53 к.1,1963,9,260000,1,72,227124,326300,55.6772104,37.6266419,7725796400,8083465,Europe/Moscow
Москва,Москва,Варшавское шоссе,53 к.4,1995,17,755200,2,128,643450,326300,55.6776007,37.6307118,7725796400,8083469,Europe/Moscow
Москва,Москва,Варшавское шоссе,55 к.1,1960,8,963000,4,125,699308,326300,55.6767522,37.6274353,7725796400,8083476,Europe/Moscow
Москва,Москва,Варшавское шоссе,57,1962,9,257300,1,71,230124,326300,55.6760661,37.6270501,7725796400,8083509,Europe/Moscow
Москва,Москва,Варшавское шоссе,60,1947,6,647800,6,61,441451,326300,55.6620343,37.6187057,7726738619,8061598,Europe/Moscow
Москва,Москва,Варшавское шоссе,62 к.1,1958,6,400400,4,72,342159,326300,55.6613125,37.6171202,7726738619,8061638,Europe/Moscow
Москва,Москва,Варшавское шоссе,62 к.2,1958,5,327800,3,60,283106,326300,55.6613168,37.6180514,7726738619,8061683,Europe/Moscow
Москва,Москва,Варшавское шоссе,64 к.1,1940,6,644600,6,60,439673,326300,55.6606010,37.6187115,7726738619,8061704,Europe/Moscow
Москва,Москва,Варшавское шоссе,65 к.1,1963,8,602000,4,112,497273,326300,55.6692564,37.6259232,7725796400,8083554,Europe/Moscow
Москва,Москва,Варшавское шоссе,65 к.2,1963,9,999300,5,160,679916,326300,55.6697386,37.6268144,7725796400,8083564,Europe/Moscow
Москва,Москва,Варшавское шоссе,66,1957,7,644800,3,70,482276,326300,55.6600192,37.6187023,7726738619,8061719,Europe/Moscow
Москва,Москва,Варшавское шоссе,68 к.1,1956,5,183700,2,16,127575,326300,55.6594419,37.6184222,7726738619,8061748,Europe/Moscow
Москва,Москва,Варшавское шоссе,68 к.2,1957,5,565000,3,62,382336,326300,55.6589460,37.6187568,7726738619,8061783,Europe/Moscow
Москва,Москва,Варшавское шоссе,68 к.3,1956,5,211800,2,16,134237,326300,55.6584518,37.6184470,7726738619,8061822,Europe/Moscow
Москва,Москва,Варшавское шоссе,69 к.1,1961,8,755200,5,140,554868,326300,55.6616848,37.6202645,7726738619,8061851,Europe/Moscow
Москва,Москва,Варшавское шоссе,69 к.2,1961,8,622600,4,114,461590,326300,55.6622198,37.6209365,7726738619,8061872,Europe/Moscow
Москва,Москва,Варшавское шоссе,70 к.1,1957,5,417500,3,47,286494,326300,55.6578663,37.6182883,7726738619,8063241,Europe/Moscow
Москва,Москва,Варшавское шоссе,70 к.3,1997,16,557700,1,103,491487,326300,55.6574402,37.6166470,7726738619,8063327,Europe/Moscow
Москва,Москва,Варшавское шоссе,71 к.1,1959,9,1424400,5,176,970313,326300,55.6604116,37.6202673,7726738619,8063426,Europe/Moscow
Москва,Москва,Варшавское шоссе,72 к.1,1957,5,218800,1,20,173965,326300,55.6573443,37.6184531,,8064295,Europe/Moscow
Москва,Москва,Варшавское шоссе,72 к.2,1958,5,559800,3,57,338511,326300,55.6567936,37.6187882,,8064402,Europe/Moscow
Москва,Москва,Варшавское шоссе,72 к.3,1958,5,218300,1,19,163956,326300,55.6563919,37.6184388,,8064523,Europe/Moscow
Москва,Москва,Варшавское шоссе,74 к.1,1957,5,175500,2,32,135972,326300,55.6559509,37.6184326,,8064628,Europe/Moscow
Москва,Москва,Варшавское шоссе,74 к.2,1959,8,740800,3,84,557354,326300,55.6553140,37.6187810,,8067085,Europe/Moscow
Москва,Москва,Варшавское шоссе,75 к.1,1956,8,1008500,4,112,740301,326300,55.6589112,37.6202144,,8067205,Europe/Moscow
Москва,Москва,Варшавское шоссе,75 к.2,1955,5,639800,4,72,447601,326300,55.6586151,37.6210400,,8067317,Europe/Moscow
Москва,Москва,Варшавское шоссе,76 к.1,1963,5,363100,3,54,213201,326300,55.6545197,37.6187318,,8067433,Europe/Moscow
Москва,Москва,Варшавское шоссе,76 к.2,1958,5,246200,2,36,187091,326300,55.6545952,37.6179179,,8067544,Europe/Moscow
Москва,Москва,Варшавское шоссе,77 к.1,1962,8,262600,2,63,248880,326300,55.6577765,37.6203174,,8067646,Europe/Moscow
Москва,Москва,Варшавское шоссе,77 к.2,1951,5,395200,1,9,0,326300,55.6576433,37.6213281,,9359990,Europe/Moscow
Москва,Москва,Варшавское шоссе,78/2,1963,9,285700,2,67,202019,326300,55.6539085,37.6187303,,8067735,Europe/Moscow
Москва,Москва,Варшавское шоссе,79 к.1,1961,8,295600,2,61,240725,326300,55.6571245,37.6202493,,8067838,Europe/Moscow
Москва,Москва,Варшавское шоссе,81 к.1,1959,8,256700,2,60,224252,326300,55.6564763,37.6202495,,8068156,Europe/Moscow
Москва,Москва,Варшавское шоссе,85 к.1,1959,8,1196900,5,141,903333,326300,55.6551203,37.6202630,,8068347,Europe/Moscow
Москва,Москва,Варшавское шоссе,87,1960,8,992300,4,119,702347,326300,55.6530023,37.6209989,7726738619,8069764,Europe/Moscow
Москва,Москва,Варшавское шоссе,90 к.2,1974,14,418000,1,98,383339,326300,55.6485542,37.6178570,7726738619,8070596,Europe/Moscow
Москва,Москва,Варшавское шоссе,90 к.3,1974,14,423100,1,97,376313,326300,55.6482232,37.6177296,7726738619,8070813,Europe/Moscow
Москва,Москва,Варшавское шоссе,94,2007,23,3027200,1,229,1938927,326300,55.6472106,37.6186554,7726738619,8071021,Europe/Moscow
Москва,Москва,Варшавское шоссе,102,1977,12,955600,4,187,835430,326300,55.6446641,37.6181893,7726738619,8078573,Europe/Moscow
Москва,Москва,проспект Мира,7 с.1,1917,8,307700,2,41,207515,326300,55.7750370,37.6319182,7702847506,7812075,Europe/Moscow
Москва,Москва,проспект Мира,11,1945,7,724400,5,60,523187,326300,55.7757414,37.6312744,7702847506,7599158,Europe/Moscow
Москва,Москва,проспект Мира,27,1951,8,325000,2,34,255567,326300,55.7795925,37.6324509,7702019661,7961052,Europe/Moscow
Москва,Москва,проспект Мира,29,1906,6,337300,1,32,283637,326300,55.7798106,37.6323781,7702019661,7961126,Europe/Moscow
Москва,Москва,проспект Мира,31,1915,6,247500,2,35,181981,326300,55.7801390,37.6326223,,7961159,Europe/Moscow
Москва,Москва,проспект Мира,38,1952,13,657500,4,72,478676,326300,55.7796500,37.6338024,7730199840,7714285,Europe/Moscow
Москва,Москва,проспект Мира,44,1890,6,211300,2,20,167172,326300,55.7809642,37.6338999,7702847506,7811875,Europe/Moscow
Москва,Москва,проспект Мира,45,1940,7,416400,3,36,321181,326300,55.7825494,37.6336917,7702019661,7961190,Europe/Moscow
Москва,Москва,проспект Мира,46,1944,8,457700,2,48,356348,326300,55.7813510,37.6340926,7702847506,7811896,Europe/Moscow
Москва,Москва,проспект Мира,46А,1929,5,305400,2,45,269508,326300,55.7812534,37.6351205,7702847506,7811911,Europe/Moscow
Москва,Москва,проспект Мира,47 с.1,1913,7,265100,1,21,199962,326300,55.7829778,37.6337700,,7961201,Europe/Moscow
Москва,Москва,проспект Мира,47 с.2,1913,7,203000,1,25,164986,326300,55.7830525,37.6333189,,7811925,Europe/Moscow
Москва,Москва,проспект Мира,48 с.6,1938,8,487800,2,38,340984,326300,55.7817441,37.6342592,,7811939,Europe/Moscow
Москва,Москва,проспект Мира,49,1953,14,1145800,3,133,911952,326300,55.7835249,37.6338616,,7811953,Europe/Moscow
Москва,Москва,проспект Мира,51 с.1,1937,8,596600,2,57,410913,326300,55.7842873,37.6343716,,7961209,Europe/Moscow
Москва,Москва,проспект Мира,53 с.1,1907,6,282600,2,34,204675,326300,55.7847238,37.6343144,,7961224,Europe/Moscow
Москва,Москва,проспект Мира,54,1952,8,986900,4,128,789908,326300,55.7833093,37.6350317,,8102286,Europe/Moscow
Москва,Москва,проспект Мира,55 с.1,1917,7,185600,1,24,139580,326300,55.7848761,37.6344946,,7961239,Europe/Moscow
Москва,Москва,проспект Мира,56 с.2,1933,6,347400,2,33,202177,326300,55.7841251,37.6353108,,7812051,Europe/Moscow
Москва,Москва,проспект Мира,56 с.3,1917,5,184100,1,18,92709,326300,55.7846165,37.6364802,,7812063,Europe/Moscow
Москва,Москва,проспект Мира,58,1967,9,911400,5,159,698356,326300,55.7854563,37.6360501,,7968344,Europe/Moscow
Москва,Москва,проспект Мира,68,1956,13,1273900,4,161,1004900,326300,55.7869069,37.6353657,,7961243,Europe/Moscow
Москва,Москва,проспект Мира,70,1944,8,861000,4,107,600237,326300,55.7881327,37.6352608,,7812087,Europe/Moscow
Москва,Москва,проспект Мира,70А,1935,7,425300,3,60,365044,326300,55.7881018,37.6359970,,7812101,Europe/Moscow
Москва,Москва,проспект Мира,71 с.1,1938,8,848000,3,66,625288,326300,55.7880693,37.6343018,,7961253,Europe/Moscow
Москва,Москва,проспект Мира,73,1939,7,739100,3,83,551606,326300,55.7890670,37.6342674,,7961269,Europe/Moscow
Москва,Москва,проспект Мира,74 с.1,1958,9,1368800,3,97,833145,326300,55.7894447,37.6352147,,7812115,Europe/Moscow
Москва,Москва,проспект Мира,76,1956,8,1053800,4,121,772107,326300,55.7906352,37.6351827,,7812189,Europe/Moscow
Москва,Москва,проспект Мира,77 к.1,1913,4,104500,1,7,58713,326300,55.7899571,37.6342735,,7961405,Europe/Moscow
Москва,Москва,проспект Мира,78,1947,9,416400,2,52,331233,326300,55.7913303,37.6351159,,7812201,Europe/Moscow
Москва,Москва,проспект Мира,78А,1936,5,250100,2,24,147051,326300,55.7914204,37.6358151,,7812220,Europe/Moscow
Москва,Москва,проспект Мира,79,1938,9,1892300,4,144,1389765,326300,55.7908351,37.6341700,,7961422,Europe/Moscow
Москва,Москва,проспект Мира,81,1956,10,2674200,8,305,2045930,326300,55.8014105,37.6346405,,8163017,Europe/Moscow
Москва,Москва,проспект Мира,83,2012,10,1468900,2,79,468533,326300,55.8021907,37.6350955,,8637208,Europe/Moscow
Москва,Москва,проспект Мира,85,1956,10,968600,3,110,786722,326300,55.8028745,37.6352329,,8163020,Europe/Moscow
Москва,Москва,проспект Мира,89,1958,10,1560200,5,180,1280686,326300,55.8043855,37.6355174,,8163027,Europe/Moscow
Москва,Москва,проспект Мира,91 к.1,1969,14,1045900,3,144,728565,326300,55.8053985,37.6355143,,8163032,Europe/Moscow
Москва,Москва,проспект Мира,91 к.2,1970,14,907400,3,145,749480,326300,55.8061360,37.6356502,,8163039,Europe/Moscow
Москва,Москва,проспект Мира,91 к.3,1973,14,1038200,3,146,756285,326300,55.8069205,37.6358402,,8163044,Europe/Moscow
Москва,Москва,проспект Мира,97,1966,9,1935300,9,291,1226305,326300,55.8090817,37.6363630,,8162683,Europe/Moscow
Москва,Москва,проспект Мира,99,1959,10,2488100,8,286,1946162,326300,55.8108974,37.6367314,,7802335,Europe/Moscow
Москва,Москва,проспект Мира,101А,1951,6,327200,3,51,276548,326300,55.8122186,37.6336217,,8163000,Europe/Moscow
Москва,Москва,проспект Мира,101Б,1951,6,326100,3,51,273958,326300,55.8121746,37.6343553,,8163010,Europe/Moscow
Москва,Москва,проспект Мира,103,1955,10,2523000,7,279,1948680,326300,55.8131629,37.6371965,,7877842,Europe/Moscow
Москва,Москва,проспект Мира,108,1959,10,3495600,10,393,2782850,326300,55.8038985,37.6370595,,7566656,Europe/Moscow
Москва,Москва,проспект Мира,110/2,1967,17,1829500,6,382,1679748,326300,55.8056074,37.6390058,,7566661,Europe/Moscow
Москва,Москва,проспект Мира,112,1960,9,2850300,10,341,2123811,326300,55.8067254,37.6376311,,7566667,Europe/Moscow
Москва,Москва,проспект Мира,114,1962,9,292100,2,48,224468,326300,55.8084557,37.6379469,,8222665,Europe/Moscow
Москва,Москва,проспект Мира,114А,1965,9,663000,4,143,645556,326300,55.8086437,37.6393231,,9337729,Europe/Moscow
Москва,Москва,проспект Мира,114Б,1962,12,402800,2,79,306647,326300,55.8082521,37.6384024,,9369800,Europe/Moscow
Москва,Москва,проспект Мира,116,1941,8,691100,3,77,524495,326300,55.8090146,37.6380505,,7566671,Europe/Moscow
Москва,Москва,проспект Мира,116А,1962,10,554600,3,99,442893,326300,55.8095889,37.6381569,,8249961,Europe/Moscow
Москва,Москва,проспект Мира,116Б,1962,7,551000,4,111,473846,326300,55.8093905,37.6390300,,9370331,Europe/Moscow
Москва,Москва,проспект Мира,118,1953,10,2538500,8,288,2048331,326300,55.8105801,37.6382904,,7566676,Europe/Moscow
Москва,Москва,проспект Мира,118А,1957,10,2471900,8,297,2031800,326300,55.8105221,37.6406794,,7566680,Europe/Moscow
Москва,Москва,Ленинградский проспект,1,1953,9,1242500,4,131,873639,326300,55.7776576,37.5802779,,8042059,Europe/Moscow
Москва,Москва,Ленинградский проспект,2,1937,8,534800,2,44,436559,326300,55.7786851,37.5827214,,8041848,Europe/Moscow
Москва,Москва,Ленинградский проспект,4/2,1964,11,502400,2,87,395669,326300,55.7787862,37.5820408,,8041847,Europe/Moscow
Москва,Москва,Ленинградский проспект,5 с.2,1911,8,799600,3,96,586290,326300,55.7790563,37.5766625,,8042015,Europe/Moscow
Москва,Москва,Ленинградский проспект,5 с.3,1900,7,455200,3,62,368273,326300,55.7784045,37.5766522,,8042008,Europe/Moscow
Москва,Москва,Ленинградский проспект,9,1949,8,1247300,5,135,1013362,326300,55.7801273,37.5752049,,8042087,Europe/Moscow
Москва,Москва,Ленинградский проспект,10,1940,8,695500,3,68,487401,326300,55.7796118,37.5798941,,8041853,Europe/Moscow
Москва,Москва,Ленинградский проспект,11,1956,9,288500,2,40,228450,326300,55.7806546,37.5743068,,8042095,Europe/Moscow
Москва,Москва,Ленинградский проспект,12,1943,8,727100,3,77,581801,326300,55.7801688,37.5787948,,8041852,Europe/Moscow
Москва,Москва,Ленинградский проспект,13 с.1,1949,6,399000,2,30,278843,326300,,,,8042145,Europe/Moscow
Москва,Москва,Ленинградский проспект,13 с.1А,1949,7,496000,3,58,425392,326300,55.7811230,37.5735205,,8042161,Europe/Moscow
Москва,Москва,Ленинградский проспект,14 к.1,1924,9,1345700,5,151,1148165,326300,55.7808986,37.5776136,,8041832,Europe/Moscow
Москва,Москва,Ленинградский проспект,14 к.4,1927,7,504800,3,64,451313,326300,55.7816317,37.5796960,,8041841,Europe/Moscow
Москва,Москва,Ленинградский проспект,14 к.5,1926,8,505300,3,66,489343,326300,55.7820269,37.5791400,,8041835,Europe/Moscow
Москва,Москва,Ленинградский проспект,18,1955,12,981700,3,115,838674,326300,55.7813972,37.5761973,,8041845,Europe/Moscow
Москва,Москва,Ленинградский проспект,19,1917,6,272800,2,38,216841,326300,55.7816690,37.5693077,,8042030,Europe/Moscow
Москва,Москва,Ленинградский проспект,24,1937,8,877800,3,80,658030,326300,55.7825745,37.5736606,,8982155,Europe/Moscow
Москва,Москва,Ленинградский проспект,26 к.1,1928,7,1286200,2,30,209380,326300,55.7831704,37.5723158,,8041793,Europe/Moscow
Москва,Москва,Ленинградский проспект,26 к.2,1930,5,670100,4,65,487190,326300,55.7837207,37.5740114,,8041791,Europe/Moscow
Москва,Москва,Ленинградский проспект,27,1941,6,753000,4,90,470060,326300,55.7840662,37.5666218,,8042004,Europe/Moscow
Москва,Москва,Ленинградский проспект,28,1940,8,2178800,8,248,1880535,326300,55.7840256,37.5717875,,8041798,Europe/Moscow
Москва,Москва,Ленинградский проспект,29 к.1,2018,1,7068100,89,353,2475919,326300,55.7852404,37.5627461,,9366501,Europe/Moscow
Москва,Москва,Ленинградский проспект,29 к.3,2018,1,6037400,82,328,2182936,326300,55.7843764,37.5628989,,9366509,Europe/Moscow
Москва,Москва,Ленинградский проспект,33 к.1,1958,7,812000,4,100,644583,326300,55.7865351,37.5605759,,8492914,Europe/Moscow
Москва,Москва,Ленинградский проспект,33 к.10,1960,6,111200,1,24,83181,326300,55.7858875,37.5596814,,8492927,Europe/Moscow
Москва,Москва,Ленинградский проспект,33 к.3,1958,7,290400,2,48,221357,326300,55.7870701,37.5606840,,8492916,Europe/Moscow
Москва,Москва,Ленинградский проспект,33 к.4,1958,7,510500,3,82,383898,326300,55.7872891,37.5599491,,8492918,Europe/Moscow
Москва,Москва,Ленинградский проспект,33 к.5,1958,7,294900,2,48,225421,326300,55.7876915,37.5592679,,8492919,Europe/Moscow
Москва,Москва,Ленинградский проспект,33 к.6,1958,7,479500,3,67,400165,326300,55.7875371,37.5586602,,8492922,Europe/Moscow
Москва,Москва,Ленинградский проспект,33 к.7,1957,5,255100,3,60,245539,326300,55.7869827,37.5586711,,8492923,Europe/Moscow
Москва,Москва,Ленинградский проспект,33 к.8,1957,5,254300,3,60,222983,326300,55.7866171,37.5594953,,8492925,Europe/Moscow
Москва,Москва,Ленинградский проспект,33 к.9,1958,5,189700,2,40,138023,326300,55.7864556,37.5585924,,8492926,Europe/Moscow
Москва,Москва,Ленинградский проспект,33А,1964,12,1977600,11,520,1574040,326300,55.7883198,37.5578737,,8042357,Europe/Moscow
Москва,Москва,Ленинградский проспект,34,1962,7,681900,4,106,466408,326300,55.7857856,37.5687702,,8492935,Europe/Moscow
Москва,Москва,Ленинградский проспект,35,1958,6,757400,4,88,573253,326300,55.7903211,37.5531970,,8042332,Europe/Moscow
Москва,Москва,Ленинградский проспект,43 к.1,1965,9,281600,2,72,281600,326300,55.7981493,37.5346971,,8091113,Europe/Moscow
Москва,Москва,Ленинградский проспект,43 к.2,1966,10,507800,3,120,479070,326300,55.7975062,37.5344668,,8091141,Europe/Moscow
Москва,Москва,Ленинградский проспект,44,1937,6,1315400,5,106,921696,326300,55.7950107,37.5461547,,8259493,Europe/Moscow
Москва,Москва,Ленинградский проспект,45 к.1,1959,6,406000,3,65,330487,326300,55.7988587,37.5339787,,8091148,Europe/Moscow
Москва,Москва,Ленинградский проспект,45 к.2,1961,6,652700,6,129,547540,326300,55.7981506,37.5336749,,8091152,Europe/Moscow
Москва,Москва,Ленинградский проспект,45 к.3,1960,5,563800,5,96,386698,326300,55.7985262,37.5328064,,8091156,Europe/Moscow
Москва,Москва,Ленинградский проспект,45 к.4,1965,9,252000,2,64,223768,326300,55.7977498,37.5324319,,8091161,Europe/Moscow
Москва,Москва,Ленинградский проспект,45 к.5,1964,9,253500,2,64,213545,326300,55.7976531,37.5320015,,8091164,Europe/Moscow
Москва,Москва,Ленинградский проспект,48,1951,6,881700,4,92,619485,326300,55.7962100,37.5432807,,9332113,Europe/Moscow
Москва,Москва,Ленинградский проспект,48 к.2,1958,5,248500,3,56,220012,326300,55.7967180,37.5432947,,8259498,Europe/Moscow
Москва,Москва,Ленинградский проспект,50,1936,5,763000,4,72,531538,326300,55.7969741,37.5428766,,8200582,Europe/Moscow
Москва,Москва,Ленинградский проспект,54/1,1963,9,1268300,7,220,937130,326300,55.7979861,37.5392815,,7855730,Europe/Moscow
Москва,Москва,Ленинградский проспект,56,1939,6,746300,4,89,575029,326300,55.7988176,37.5376743,,7855752,Europe/Moscow
Москва,Москва,Ленинградский проспект,57,1920,6,908200,3,49,359693,326300,55.8004512,37.5238921,,8091167,Europe/Moscow
Москва,Москва,Ленинградский проспект,58,1940,6,294100,2,30,210957,326300,55.7990571,37.5368873,,7855762,Europe/Moscow
Москва,Москва,Ленинградский проспект,59,1951,9,846700,3,103,671046,326300,55.8017137,37.5241213,,8091174,Europe/Moscow
Москва,Москва,Ленинградский проспект,60 к.1,1933,6,248500,2,33,201067,326300,55.7997176,37.5353492,,8199917,Europe/Moscow
Москва,Москва,Ленинградский проспект,60 к.2,1934,6,294600,2,33,206826,326300,55.7994028,37.5360592,,8200007,Europe/Moscow
Москва,Москва,Ленинградский проспект,60А,1938,8,1275400,5,147,1122240,326300,55.8000811,37.5372072,,8200011,Europe/Moscow
Москва,Москва,Ленинградский проспект,62,1938,7,2153600,8,205,1594441,326300,55.8011482,37.5321395,,7855771,Europe/Moscow
Москва,Москва,Волгоградский проспект,1 с.1,1968,13,2541400,10,490,1819816,326300,55.7324592,37.6713578,,7746033,Europe/Moscow
Москва,Москва,Волгоградский проспект,3,1967,9,271900,2,69,242220,326300,55.7323202,37.6721584,,7791191,Europe/Moscow
Москва,Москва,Волгоградский проспект,4,1989,17,1316300,3,189,1183471,326300,55.7307699,37.6699186,,7746049,Europe/Moscow
Москва,Москва,Волгоградский проспект,5,1967,9,289200,2,69,245984,326300,55.7319753,37.6727328,,7746058,Europe/Moscow
Москва,Москва,Волгоградский проспект,6,1991,17,875100,2,128,801315,326300,55.7306674,37.6708175,,7746071,Europe/Moscow
Москва,Москва,Волгоградский проспект,7,1964,9,681400,4,143,556414,326300,55.7315068,37.6740161,,7746081,Europe/Moscow
Москва,Москва,Волгоградский проспект,8,1960,8,570300,4,100,403135,326300,55.7305813,37.6724614,,7746091,Europe/Moscow
Москва,Москва,Волгоградский проспект,9 с.1,1966,9,378700,2,72,250335,326300,55.7307765,37.6745249,,7746120,Europe/Moscow
Москва,Москва,Волгоградский проспект,10,1964,9,283300,2,70,251445,326300,55.7301384,37.6732958,,8459019,Europe/Moscow
Москва,Москва,Волгоградский проспект,11,1966,9,401100,2,68,231316,326300,55.7303898,37.6752701,,7791174,Europe/Moscow
Москва,Москва,Волгоградский проспект,12,1964,9,285400,2,70,243274,326300,55.7297763,37.6739958,,7746167,Europe/Moscow
Москва,Москва,Волгоградский проспект,13,1962,8,614700,4,128,498731,326300,55.7300440,37.6768158,,7791169,Europe/Moscow
Москва,Москва,Волгоградский проспект,14,1964,9,287000,2,70,251653,326300,55.7293678,37.6746821,,7746860,Europe/Moscow
Москва,Москва,Волгоградский проспект,15,1966,9,484400,2,68,225595,326300,55.7293068,37.6774287,,7791155,Europe/Moscow
Москва,Москва,Волгоградский проспект,16,1963,8,613600,4,118,463006,326300,55.7291598,37.6751929,,7747186,Europe/Moscow
Москва,Москва,Волгоградский проспект,17,1958,10,1670900,5,195,1358729,326300,55.7287384,37.6791259,,7789604,Europe/Moscow
Москва,Москва,Волгоградский проспект,17 с.1,1939,6,623700,2,43,380937,326300,55.7290973,37.6799986,,7791100,Europe/Moscow
Москва,Москва,Волгоградский проспект,18,1965,9,273300,2,71,245675,326300,55.7284883,37.6764646,,7747208,Europe/Moscow
Москва,Москва,Волгоградский проспект,20,1965,9,256500,2,67,236476,326300,55.7281297,37.6771497,,7747222,Europe/Moscow
Москва,Москва,Волгоградский проспект,22,1965,9,273800,2,71,243920,326300,55.7277633,37.6778789,,7747238,Europe/Moscow
Москва,Москва,Волгоградский проспект,26А,2003,24,999900,2,161,954420,326300,55.7264114,37.6815167,,8159433,Europe/Moscow
Москва,Москва,Волгоградский проспект,50 к.1,1962,9,260600,2,72,239662,326300,55.7066324,37.7506398,,8113106,Europe/Moscow
Москва,Москва,Волгоградский проспект,51,1960,5,345900,4,72,271951,326300,55.7099750,37.7318808,,7564284,Europe/Moscow
Москва,Москва,Волгоградский проспект,53,1960,5,415500,4,75,270924,326300,55.7099736,37.7326398,,7564292,Europe/Moscow
Москва,Москва,Волгоградский проспект,55,1959,5,155100,2,37,134332,326300,55.7103314,37.7331369,,7564298,Europe/Moscow
Москва,Москва,Волгоградский проспект,56 к.1,1962,9,261300,2,72,245363,326300,55.7064688,37.7530404,,8113155,Europe/Moscow
Москва,Москва,Волгоградский проспект,57,1961,5,342100,4,75,283622,326300,55.7099598,37.7336566,,7564304,Europe/Moscow
Москва,Москва,Волгоградский проспект,60 к.1,1962,9,261500,2,71,235153,326300,55.7061995,37.7549415,,7717128,Europe/Moscow
Москва,Москва,Волгоградский проспект,60 к.4,1996,14,621500,2,109,610487,326300,55.7041892,37.7548273,,7717131,Europe/Moscow
Москва,Москва,Волгоградский проспект,61,1965,5,157000,2,37,146876,326300,55.7103470,37.7349006,,7564347,Europe/Moscow
Москва,Москва,Волгоградский проспект,63,1960,5,344600,4,68,237487,326300,55.7099748,37.7354160,,7564351,Europe/Moscow
Москва,Москва,Волгоградский проспект,64 к.1,1962,9,257200,2,72,232428,326300,55.7060020,37.7565983,,8113233,Europe/Moscow
Москва,Москва,Волгоградский проспект,68 к.1,1962,9,273500,2,72,254260,326300,55.7057327,37.7584994,,7717140,Europe/Moscow
Москва,Москва,Волгоградский проспект,69,1970,9,1805500,10,358,1637681,326300,55.7095205,37.7402582,,7564354,Europe/Moscow
Москва,Москва,Волгоградский проспект,70,1996,18,1198900,3,146,956468,326300,55.7057162,37.7590657,,7717148,Europe/Moscow
Москва,Москва,Волгоградский проспект,71 к.1,1972,12,877500,5,214,804271,326300,55.7101512,37.7424063,,7564357,Europe/Moscow
Москва,Москва,Волгоградский проспект,71 к.2,1971,12,877800,5,214,774403,326300,55.7094451,37.7424965,,7564362,Europe/Moscow
Москва,Москва,Волгоградский проспект,72 к.1,1962,9,281400,2,70,241946,326300,55.7055656,37.7600791,,7717151,Europe/Moscow
Москва,Москва,Волгоградский проспект,76 к.1,1962,9,275800,2,70,247928,326300,55.7053374,37.7620436,,8120219,Europe/Moscow
Москва,Москва,Волгоградский проспект,78,1986,16,953500,3,138,739145,326300,55.7052322,37.7625808,,7717196,Europe/Moscow
Москва,Москва,Волгоградский проспект,80/2 к.1,1962,9,279500,2,67,241445,326300,55.7051248,37.7636440,,8120272,Europe/Moscow
Москва,Москва,Волгоградский проспект,84 к.1,2013,18,1856600,2,134,1124192,326300,55.7044992,37.7681594,,9087014,Europe/Moscow
Москва,Москва,Волгоградский проспект,86 к.1,2013,24,884300,2,138,745950,326300,55.7041567,37.7686500,,9087003,Europe/Moscow
Москва,Москва,Волгоградский проспект,86 к.2,2006,18,1556700,4,278,1295948,326300,55.7034462,37.7692147,,7717209,Europe/Moscow
Москва,Москва,Волгоградский проспект,88 к.2,1971,14,393900,2,76,353280,326300,55.7043213,37.7698754,,7717214,Europe/Moscow
Москва,Москва,Волгоградский проспект,91,1975,17,426500,1,64,394020,326300,55.7081896,37.7494580,,7717219,Europe/Moscow
Москва,Москва,Волгоградский проспект,93,1963,9,266500,2,72,245473,326300,55.7083479,37.7505620,,7717225,Europe/Moscow
Москва,Москва,Волгоградский проспект,94 к.1,2009,18,1401000,2,136,1001085,326300,55.7040653,37.7713501,,7717229,Europe/Moscow
Москва,Москва,Волгоградский проспект,96 к.1,2009,24,900600,2,137,756727,326300,55.7038049,37.7719565,,7717232,Europe/Moscow
Москва,Москва,Волгоградский проспект,96 к.2,2005,18,1479900,4,282,1283858,326300,55.7029041,37.7718978,,7717235,Europe/Moscow
Москва,Москва,Волгоградский проспект,98 к.2,1977,14,421500,2,76,315568,326300,55.7038895,37.7730501,,7717244,Europe/Moscow
Москва,Москва,Волгоградский проспект,99 к.4,2009,17,652400,2,128,527461,326300,55.7079849,37.7546045,,7717251,Europe/Moscow
Москва,Москва,Волгоградский проспект,104 к.1,2008,18,1407700,2,136,1109990,326300,55.7036595,37.7745044,,7709844,Europe/Moscow
Москва,Москва,Волгоградский проспект,105 к.2,2008,17,652300,2,128,587943,326300,55.7075148,37.7582244,,7709858,Europe/Moscow
Москва,Москва,Волгоградский проспект,106 к.1,2008,24,898900,2,138,739657,326300,55.7033989,37.7750596,,7710277,Europe/Moscow
Москва,Москва,Чертановская улица,1 к.1,1969,9,1079900,6,215,951327,326300,55.6330733,37.6034596,7726759143,7834345,Europe/Moscow
Москва,Москва,Чертановская улица,1 к.2,1969,9,1078700,6,212,889379,326300,55.6329092,37.6047202,7726759143,7834364,Europe/Moscow
Москва,Москва,Чертановская улица,1В к.1,1995,17,2791900,6,354,1983100,326300,55.6394592,37.6072597,7726759143,7834514,Europe/Moscow
Москва,Москва,Чертановская улица,3 к.1,1969,9,1055300,6,215,938818,326300,55.6319186,37.6027060,7726759143,7834385,Europe/Moscow
Москва,Москва,Чертановская улица,3 к.2,1969,9,1074300,6,216,957746,326300,55.6317464,37.6039574,7726759143,7834429,Europe/Moscow
Москва,Москва,Чертановская улица,3 к.3,1968,9,1063400,6,216,873601,326300,55.6314704,37.6056761,7726759143,7834437,Europe/Moscow
Москва,Москва,Чертановская улица,4,1969,9,1259000,7,251,1183684,326300,55.6320502,37.6007153,7726759143,7834526,Europe/Moscow
Москва,Москва,Чертановская улица,5 к.1,1969,14,425700,1,98,381194,326300,55.6307073,37.6036847,7726759143,7834448,Europe/Moscow
Москва,Москва,Чертановская улица,7 к.1,1969,14,426300,1,98,392889,326300,55.6300350,37.6033690,7726759143,7834462,Europe/Moscow
Москва,Москва,Чертановская улица,7 к.1А,1981,16,530600,1,108,490369,326300,55.6301975,37.6010709,7726759143,7834473,Europe/Moscow
Москва,Москва,Чертановская улица,7 к.2,1969,14,425000,1,97,419529,326300,55.6295828,37.6063060,7726200355,8915013,Europe/Moscow
Москва,Москва,Чертановская улица,8,1971,16,913800,3,157,848804,326300,55.6307370,37.5995810,7726759143,7834537,Europe/Moscow
Москва,Москва,Чертановская улица,8 к.1,1971,17,920700,3,157,877170,326300,55.6305670,37.5984033,7726759143,7834549,Europe/Moscow
Москва,Москва,Чертановская улица,9 к.3,1998,22,1205500,2,168,1101698,326300,55.6286330,37.6047536,7728156782,9336274,Europe/Moscow
Москва,Москва,Чертановская улица,9 к.4,1996,22,1159800,2,168,1109949,326300,55.6278325,37.6046534,7726759143,7834320,Europe/Moscow
Москва,Москва,Чертановская улица,11 к.1,1969,9,1110300,6,214,841266,326300,55.6280240,37.6000509,7726759143,7834484,Europe/Moscow
Москва,Москва,Чертановская улица,13,1969,9,625500,4,142,582350,326300,55.6274467,37.5985472,7726759143,7834493,Europe/Moscow
Москва,Москва,Чертановская улица,14 к.1,1972,12,767600,3,143,644222,326300,55.6290075,37.5979659,7726759143,7834562,Europe/Moscow
Москва,Москва,Чертановская улица,15,1969,9,1269100,7,251,1170846,326300,55.6262633,37.5976891,7726759143,7834502,Europe/Moscow
Москва,Москва,Чертановская улица,16 к.1,1969,9,1270200,7,251,1091313,326300,55.6277786,37.5969681,7726759143,7834573,Europe/Moscow
Москва,Москва,Чертановская улица,16 к.2,1969,9,1312800,7,247,1145993,326300,55.6279255,37.5955096,7726759143,7834588,Europe/Moscow
Москва,Москва,Чертановская улица,18,1969,9,896200,5,174,781265,326300,55.6265896,37.5961969,7726759143,7834596,Europe/Moscow
Москва,Москва,Чертановская улица,20 к.1,1971,14,417400,1,98,393604,326300,55.6261467,37.5950335,7726759143,7834607,Europe/Moscow
Москва,Москва,Чертановская улица,20 к.2,1970,14,522300,1,93,355865,326300,55.6257591,37.5950260,7726759143,7834618,Europe/Moscow
Москва,Москва,Чертановская улица,21 к.1,1969,9,2815300,16,564,2392121,326300,55.6212787,37.5952580,7726760660,7776226,Europe/Moscow
Москва,Москва,Чертановская улица,21 к.2,1970,9,1062600,6,216,929079,326300,55.6217747,37.5968336,7726760660,7776475,Europe/Moscow
Москва,Москва,Чертановская улица,21 к.3,1970,9,1061900,6,215,936916,326300,55.6204913,37.5968961,7726760660,7776484,Europe/Moscow
Москва,Москва,Чертановская улица,23 к.1,1970,14,419500,1,98,363327,326300,55.6195099,37.5959465,7726760660,7776742,Europe/Moscow
Москва,Москва,Чертановская улица,23 к.2,1971,14,420500,1,98,394837,326300,55.6189405,37.5995961,7726760660,7776770,Europe/Moscow
Москва,Москва,Чертановская улица,23 к.3,1971,14,419100,1,98,394889,326300,55.6180614,37.5991323,7726760660,7776790,Europe/Moscow
Москва,Москва,Чертановская улица,24 к.1,1970,9,1435900,8,288,1097158,326300,55.6222092,37.5939719,7722713660,7759233,Europe/Moscow
Москва,Москва,Чертановская улица,24 к.2,1970,9,1408300,8,287,1198118,326300,55.6223821,37.5928106,7726760660,7777993,Europe/Moscow
Москва,Москва,Чертановская улица,24 к.3,1970,9,1426000,8,287,1272333,326300,55.6225524,37.5917027,7726760660,7778001,Europe/Moscow
Москва,Москва,Чертановская улица,25 к.1,1970,14,416700,1,98,358093,326300,55.6185461,37.5954782,7726760660,7776804,Europe/Moscow
Москва,Москва,Чертановская улица,27 к.1,1984,22,1005400,1,174,907479,326300,55.6160714,37.5987959,7726760660,7776815,Europe/Moscow
Москва,Москва,Чертановская улица,28 к.1,1984,12,548600,2,92,438295,326300,55.6198829,37.5932218,7726760660,7778018,Europe/Moscow
Москва,Москва,Чертановская улица,29 к.1,1970,9,1115500,6,214,941234,326300,55.6159366,37.5948660,7726760660,7776823,Europe/Moscow
Москва,Москва,Чертановская улица,29 к.2,1970,9,1262600,8,280,59598,326300,55.6149974,37.5961449,7726192295,8361575,Europe/Moscow
Москва,Москва,Чертановская улица,30 к.1,1971,16,920200,3,157,885537,326300,55.6194151,37.5922246,7726760660,8361711,Europe/Moscow
Москва,Москва,Чертановская улица,30 к.2,1971,16,922500,3,157,865478,326300,55.6203424,37.5917144,7726760660,7778028,Europe/Moscow
Москва,Москва,Чертановская улица,30 к.3,1971,16,920600,3,157,720759,326300,55.6200984,37.5899783,7726760660,7778039,Europe/Moscow
Москва,Москва,Чертановская улица,30 к.4,1971,16,930300,2,188,808096,326300,55.6190935,37.5905933,7726760660,7778055,Europe/Moscow
Москва,Москва,Чертановская улица,31 к.1,1970,12,363000,1,84,358520,326300,55.6153892,37.5937895,7726221323,8332968,Europe/Moscow
Москва,Москва,Чертановская улица,32 к.1,1980,16,2440900,6,381,2104402,326300,55.6181450,37.5913718,7726760660,7778064,Europe/Moscow
Москва,Москва,Чертановская улица,33 к.1,1970,9,1258100,7,251,1258100,326300,55.6143357,37.5930709,7726189503,8344597,Europe/Moscow
Москва,Москва,Чертановская улица,33 к.2,1970,9,1257600,9,283,1252865,326300,55.6141403,37.5943226,7726192489,8332971,Europe/Moscow
Москва,Москва,Чертановская улица,36 к.1,1975,9,1406900,8,284,1187278,326300,55.6158932,37.5905082,7726760660,7778073,Europe/Moscow
Москва,Москва,Чертановская улица,37,1970,9,1346500,8,287,1241659,326300,55.6108710,37.5923012,7726760660,7777442,Europe/Moscow
Москва,Москва,Чертановская улица,38 к.1,2008,19,1127700,1,137,1075184,326300,55.6144611,37.5912013,7726389661,8366497,Europe/Moscow
Москва,Москва,Чертановская улица,38 к.2,2008,19,1129200,1,137,1062190,326300,55.6141933,37.5905571,7726389661,9093311,Europe/Moscow
Москва,Москва,Чертановская улица,39 к.1,1970,9,1750300,10,358,1488458,326300,55.6092508,37.5928616,7726760660,7777452,Europe/Moscow
Москва,Москва,Чертановская улица,41 к.1,1972,14,424800,1,98,424800,326300,55.6089162,37.5916300,,9330284,Europe/Moscow
Москва,Москва,Чертановская улица,41 к.2,1970,9,723300,4,144,614254,326300,55.6079658,37.5944130,7726760660,7777463,Europe/Moscow
Москва,Москва,Чертановская улица,41 к.3,1984,22,1015300,1,174,945152,326300,55.6087310,37.5958705,7726760660,7777473,Europe/Moscow
Москва,Москва,Чертановская улица,42 к.1,1971,9,1044800,6,215,804225,326300,55.6110648,37.5907004,7726760660,7778513,Europe/Moscow
Москва,Москва,Дубнинская улица,1,1966,12,404000,1,80,346638,326300,55.8555650,37.5659699,7713398637,7921500,Europe/Moscow
Москва,Москва,Дубнинская улица,2 к.1,1973,12,723000,3,143,723000,326300,55.8555735,37.5679958,,7770772,Europe/Moscow
Москва,Москва,Дубнинская улица,2 к.2,1972,14,469400,1,95,376556,326300,55.8562004,37.5674042,7713398644,7769620,Europe/Moscow
Москва,Москва,Дубнинская улица,2 к.3,1972,14,419400,1,98,391493,326300,55.8566216,37.5676292,7713398644,7769628,Europe/Moscow
Москва,Москва,Дубнинская улица,2 к.4,1972,14,424700,2,91,393164,326300,55.8560824,37.5690663,,7770777,Europe/Moscow
Москва,Москва,Дубнинская улица,2 к.5,1972,14,450200,1,91,392066,326300,55.8564957,37.5692007,7713096900,9091789,Europe/Moscow
Москва,Москва,Дубнинская улица,2 к.6,1999,14,1171300,4,181,962415,326300,55.8575586,37.5679106,7713398644,7769638,Europe/Moscow
Москва,Москва,Дубнинская улица,2 к.7,1999,12,558500,2,77,518069,326300,55.8581273,37.5681316,7713398644,7769643,Europe/Moscow
Москва,Москва,Дубнинская улица,3,1997,16,1868300,5,270,1681554,326300,55.8559020,37.5645040,7713398637,7921504,Europe/Moscow
Москва,Москва,Дубнинская улица,4 к.1,1971,9,1890200,10,354,1666310,326300,55.8578732,37.5692313,7713102939,8156654,Europe/Moscow
Москва,Москва,Дубнинская улица,4 к.3,1972,14,423600,1,98,372609,326300,55.8581062,37.5711963,7713398644,7769665,Europe/Moscow
Москва,Москва,Дубнинская улица,4 к.4,1974,14,424000,1,98,384178,326300,55.8587524,37.5716689,7713398644,7769671,Europe/Moscow
Москва,Москва,Дубнинская улица,5 к.1,1999,12,524600,2,95,520844,326300,55.8562360,37.5658711,7701208190,7923731,Europe/Moscow
Москва,Москва,Дубнинская улица,5 к.2,2000,12,792500,3,136,704418,326300,55.8566181,37.5665054,7713398637,7923732,Europe/Moscow
Москва,Москва,Дубнинская улица,6 к.1,1971,9,1775700,10,356,1687072,326300,55.8595429,37.5702338,7713000704,8777667,Europe/Moscow
Москва,Москва,Дубнинская улица,6 к.2,1971,9,706900,4,144,701020,326300,55.8595497,37.5717059,7713033178,7921545,Europe/Moscow
Москва,Москва,Дубнинская улица,6 к.3,1971,9,1059500,6,215,868155,326300,55.8604455,37.5724511,7713398644,7769675,Europe/Moscow
Москва,Москва,Дубнинская улица,8 к.1,1971,9,1053400,6,215,875063,326300,55.8615644,37.5726603,7713398644,7769708,Europe/Moscow
Москва,Москва,Дубнинская улица,10 к.1,1973,9,2061900,10,320,1416474,326300,55.8619860,37.5678981,7713398644,7769720,Europe/Moscow
Москва,Москва,Дубнинская улица,10 к.2,1970,9,1707500,10,353,1456974,326300,55.8629839,37.5691938,7713398644,7769724,Europe/Moscow
Москва,Москва,Дубнинская улица,10 к.3,1971,9,1176300,6,213,952652,326300,55.8637776,37.5702056,7713398644,7769731,Europe/Moscow
Москва,Москва,Дубнинская улица,10 к.4,1972,14,488100,1,94,353128,326300,55.8641723,37.5718634,7713398644,7769739,Europe/Moscow
Москва,Москва,Дубнинская улица,10 к.5,1971,9,1399000,8,286,1166689,326300,55.8629166,37.5724537,7713398644,7769745,Europe/Moscow
Москва,Москва,Дубнинская улица,12 к.1,1971,9,1700200,10,358,1700200,326300,55.8650707,37.5675044,7713094572,8790285,Europe/Moscow
Москва,Москва,Дубнинская улица,12 к.2,1971,9,1190800,6,210,917304,326300,55.8645453,37.5698273,7713398644,7769751,Europe/Moscow
Москва,Москва,Дубнинская улица,12 к.3,1971,9,1605500,8,283,1385720,326300,55.8656528,37.5706026,7713398644,9088086,Europe/Moscow
Москва,Москва,Дубнинская улица,12 к.4,1972,9,1070000,6,215,917930,326300,55.8660936,37.5688611,7713398644,7769759,Europe/Moscow
Москва,Москва,Дубнинская улица,13,2000,17,1979900,6,336,1719394,326300,55.8596677,37.5673484,7713398644,7769764,Europe/Moscow
Москва,Москва,Дубнинская улица,14 к.1,1971,9,1767500,10,359,1531003,326300,55.8660386,37.5651071,7713398644,7769777,Europe/Moscow
Москва,Москва,Дубнинская улица,14 к.2,1972,14,455900,1,97,387507,326300,55.8668719,37.5706139,7713398644,7769783,Europe/Moscow
Москва,Москва,Дубнинская улица,14 к.3,1972,14,422900,1,98,378315,326300,55.8671988,37.5705778,7713398644,7769791,Europe/Moscow
Москва,Москва,Дубнинская улица,14 к.4,1972,14,428400,1,98,372878,326300,55.8675971,37.5705816,7713398644,7769800,Europe/Moscow
Москва,Москва,Дубнинская улица,15 к.1,2001,17,766000,2,126,617679,326300,55.8605350,37.5672976,7713398644,7769808,Europe/Moscow
Москва,Москва,Дубнинская улица,15 к.2,2001,17,768100,2,126,712052,326300,55.8607355,37.5660579,7713398644,7769815,Europe/Moscow
Москва,Москва,Дубнинская улица,16 к.1,1972,9,1789600,10,320,1407492,326300,55.8688094,37.5629019,7713398644,7771164,Europe/Moscow
Москва,Москва,Дубнинская улица,16 к.2,1971,9,1692700,10,355,1505956,326300,55.8676224,37.5654892,7713398644,7769853,Europe/Moscow
Москва,Москва,Дубнинская улица,16 к.3,1971,9,1461900,8,286,1259177,326300,55.8676209,37.5683954,7713398644,7769864,Europe/Moscow
Москва,Москва,Дубнинская улица,16 к.4,1972,9,569500,2,178,528887,326300,55.8685006,37.5682511,7713398644,7769874,Europe/Moscow
Москва,Москва,Дубнинская улица,16 к.5,1971,9,1750400,10,358,1750347,326300,55.8689707,37.5671598,7713045617,8809650,Europe/Moscow
Москва,Москва,Дубнинская улица,16 к.6,1971,9,1738300,10,358,1445048,326300,55.8688072,37.5697357,7713398644,7769880,Europe/Moscow
Москва,Москва,Дубнинская улица,17 к.1,2001,12,826400,3,132,698777,326300,55.8609620,37.5672285,7713398644,7769889,Europe/Moscow
Москва,Москва,Дубнинская улица,17 к.2,2001,17,1161200,3,187,1049703,326300,55.8611144,37.5658495,7713398644,7769897,Europe/Moscow
Москва,Москва,Дубнинская улица,18 к.1,1973,14,454600,1,98,394515,326300,55.8701270,37.5691253,7713398644,7769903,Europe/Moscow
Москва,Москва,Дубнинская улица,20 к.1,1973,9,1767700,10,360,1425055,326300,55.8716610,37.5606721,7713398644,7769958,Europe/Moscow
Москва,Москва,Дубнинская улица,20 к.2,1975,9,1407300,8,286,1221015,326300,55.8697309,37.5638203,7713398644,7769966,Europe/Moscow
Москва,Москва,Дубнинская улица,20 к.3,1978,9,1795000,10,360,1501286,326300,55.8710278,37.5644584,7713398644,7769973,Europe/Moscow
Москва,Москва,Дубнинская улица,20 к.4,1978,9,1405000,8,287,828325,326300,55.8711695,37.5659690,7713398644,7769983,Europe/Moscow
Москва,Москва,Дубнинская улица,22 к.1,1978,12,970500,4,191,845147,326300,55.8710766,37.5628443,7713398644,7769992,Europe/Moscow
Москва,Москва,Дубнинская улица,22 к.2,1978,12,872200,4,191,781251,326300,55.8716968,37.5630665,7713398644,7770001,Europe/Moscow
Москва,Москва,Дубнинская улица,22 к.3,1978,12,871500,4,191,755739,326300,55.8718269,37.5646478,7713398644,7770012,Europe/Moscow
Москва,Москва,Дубнинская улица,22 к.4,2008,17,496800,1,74,391030,326300,55.8718924,37.5622731,7713398644,9088796,Europe/Moscow
Москва,Москва,Дубнинская улица,22 к.5,2008,17,495100,1,80,353421,326300,55.8722447,37.5620062,7713398644,9088797,Europe/Moscow
Москва,Москва,Дубнинская улица,22 к.6,2008,17,494600,1,80,359482,326300,55.8725998,37.5617034,7713398644,9088798,Europe/Moscow
Москва,Москва,Дубнинская улица,24 к.1,1979,12,973400,4,185,824445,326300,55.8732846,37.5610638,7713398644,7770024,Europe/Moscow
Москва,Москва,Дубнинская улица,24 к.2,1979,12,869800,4,191,810472,326300,55.8739195,37.5613107,7713398644,7770036,Europe/Moscow
Москва,Москва,Севастопольский проспект,1 к.1,1971,12,360900,1,84,333971,326300,55.6941221,37.6101734,7725815123,8157315,Europe/Moscow
Москва,Москва,Севастопольский проспект,1 к.1А,1979,5,453600,4,77,347129,326300,55.6935756,37.6105921,7725815123,8157425,Europe/Moscow
Москва,Москва,Севастопольский проспект,1 к.2,1956,5,177400,2,20,143551,326300,55.6933559,37.6112071,7725815123,8157434,Europe/Moscow
Москва,Москва,Севастопольский проспект,1 к.3,1956,4,332600,3,36,225036,326300,55.6935172,37.6121819,7725815123,8157440,Europe/Moscow
Москва,Москва,Севастопольский проспект,1 к.4,1956,4,123000,1,16,72232,326300,55.6930818,37.6117651,7725815123,8157448,Europe/Moscow
Москва,Москва,Севастопольский проспект,1 к.5,1956,4,396600,3,40,239262,326300,55.6929894,37.6130785,7725815123,8157453,Europe/Moscow
Москва,Москва,Севастопольский проспект,3 к.1,1968,12,365200,1,80,318982,326300,55.6931918,37.6093554,7725815123,7954928,Europe/Moscow
Москва,Москва,Севастопольский проспект,3 к.2,1963,5,339200,4,64,255395,326300,55.6928943,37.6099652,7725815123,8157465,Europe/Moscow
Москва,Москва,Севастопольский проспект,3 к.3,1957,5,201400,2,20,167385,326300,55.6928854,37.6107450,7725815123,8157475,Europe/Moscow
Москва,Москва,Севастопольский проспект,3 к.4,1962,5,343800,4,80,303785,326300,55.6924990,37.6112409,7725815123,8157536,Europe/Moscow
Москва,Москва,Севастопольский проспект,3 к.5,1956,4,96600,1,15,91279,326300,55.6925052,37.6122059,7725815123,8157541,Europe/Moscow
Москва,Москва,Севастопольский проспект,3 к.7,1956,5,354400,3,50,293945,326300,55.6923114,37.6129694,7725815123,8157559,Europe/Moscow
Москва,Москва,Севастопольский проспект,3 к.8,1959,5,325300,4,57,261127,326300,55.6916696,37.6124031,7725815123,8157568,Europe/Moscow
Москва,Москва,Севастопольский проспект,3 к.9,1956,4,176100,2,16,122499,326300,55.6923115,37.6137167,7725815123,8157602,Europe/Moscow
Москва,Москва,Севастопольский проспект,5 к.1,1956,5,432600,3,50,327614,326300,55.6923735,37.6084142,7725815123,8157655,Europe/Moscow
Москва,Москва,Севастопольский проспект,5 к.3,1983,16,535000,1,105,477922,326300,55.6911342,37.6129555,7725815123,8157659,Europe/Moscow
Москва,Москва,Севастопольский проспект,5А к.1,2003,14,1089900,3,156,974351,326300,55.6917097,37.6103697,7725815123,8157665,Europe/Moscow
Москва,Москва,Севастопольский проспект,7 к.1,1959,5,405100,3,60,363442,326300,55.6916839,37.6082791,7725815123,8157697,Europe/Moscow
Москва,Москва,Севастопольский проспект,7 к.2,1966,9,264100,1,72,221557,326300,55.6912615,37.6089488,7725815123,8157714,Europe/Moscow
Москва,Москва,Севастопольский проспект,7 к.3,1966,9,262500,1,72,238034,326300,55.6908253,37.6096373,7725815123,8157729,Europe/Moscow
Москва,Москва,Севастопольский проспект,9 к.1,1967,9,363000,1,68,234090,326300,55.6911832,37.6075362,7725815123,8157773,Europe/Moscow
Москва,Москва,Севастопольский проспект,9 к.2,1958,5,166100,2,30,131934,326300,55.6907787,37.6079704,7725815123,8157780,Europe/Moscow
Москва,Москва,Севастопольский проспект,12 к.1,1966,12,362100,1,84,352060,326300,55.6870686,37.6018709,7727846342,7558412,Europe/Moscow
Москва,Москва,Севастопольский проспект,12 к.2,1966,12,362200,1,84,328121,326300,55.6877066,37.6018527,7727846342,7558416,Europe/Moscow
Москва,Москва,Севастопольский проспект,12 к.3,1966,12,360100,1,84,351910,326300,55.6871243,37.6007300,7727846342,7558436,Europe/Moscow
Москва,Москва,Севастопольский проспект,12 к.4,1966,12,361500,1,84,325792,326300,55.6876366,37.6008181,7727846342,7558439,Europe/Moscow
Москва,Москва,Севастопольский проспект,13 к.1,1979,9,711700,4,144,596423,326300,55.6837820,37.6017936,7727846342,7558441,Europe/Moscow
Москва,Москва,Севастопольский проспект,13 к.2,1979,9,1409100,8,287,1101670,326300,55.6835777,37.6030509,7727846342,7558447,Europe/Moscow
Москва,Москва,Севастопольский проспект,13 к.3,1979,9,1050800,6,214,828375,326300,55.6825961,37.6009096,7727846342,7558451,Europe/Moscow
Москва,Москва,Севастопольский проспект,13 к.4,2003,14,1044800,4,190,1020021,326300,55.6829977,37.6031593,7727846342,7558459,Europe/Moscow
Москва,Москва,Севастопольский проспект,14 к.1,1967,9,1712800,11,394,1559156,326300,55.6850809,37.6002165,7727846342,7558462,Europe/Moscow
Москва,Москва,Севастопольский проспект,14 к.2,1981,16,532400,1,111,498871,326300,55.6860605,37.6000220,7727846342,7558466,Europe/Moscow
Москва,Москва,Севастопольский проспект,15 к.1,1983,16,794900,1,1,0,326300,55.6829224,37.5998240,7727052156,7940754,Europe/Moscow
Москва,Москва,Севастопольский проспект,15 к.2,1981,16,580200,1,127,542335,326300,55.6821831,37.5992713,7727846342,7558470,Europe/Moscow
Москва,Москва,Севастопольский проспект,16,1962,9,283200,1,76,258768,326300,55.6835431,37.5988042,7727846342,7558652,Europe/Moscow
Москва,Москва,Севастопольский проспект,17 к.1,1960,5,350500,4,58,257780,326300,55.6793275,37.5972659,7727846342,7558655,Europe/Moscow
Москва,Москва,Севастопольский проспект,18,2015,19,1077800,2,144,558150,326300,55.6830885,37.5981387,7727846342,9318368,Europe/Moscow
Москва,Москва,Севастопольский проспект,19 к.2,1960,5,416400,4,68,303775,326300,55.6779080,37.5957506,7727846342,7558664,Europe/Moscow
Москва,Москва,Севастопольский проспект,21,1960,5,364600,4,80,282994,326300,55.6774619,37.5945434,7727846342,7558678,Europe/Moscow
Москва,Москва,Севастопольский проспект,22,2018,18,1084100,1,121,579380,326300,55.6808938,37.5959666,7728358161,7870125,Europe/Moscow
Москва,Москва,Севастопольский проспект,23,1961,5,423600,5,80,289547,326300,55.6769796,37.5943531,7727846342,7558681,Europe/Moscow
Москва,Москва,Севастопольский проспект,25,1961,5,392000,4,80,302399,326300,55.6765651,37.5939495,7727846342,7558683,Europe/Moscow
Москва,Москва,Севастопольский проспект,28,1962,9,257300,1,72,241876,326300,55.6596007,37.5733458,7727178374,7556107,Europe/Moscow
Москва,Москва,Севастопольский проспект,28 к.3,2008,23,1622500,2,134,1463884,326300,55.6638658,37.5762136,7727178374,7556109,Europe/Moscow
Москва,Москва,Севастопольский проспект,28 к.7,2007,25,894800,1,84,828263,326300,55.6643735,37.5743821,7727178374,7556112,Europe/Moscow
Москва,Москва,Севастопольский проспект,28 к.8,2007,24,1616300,2,155,1481378,326300,55.6644659,37.5760099,7727178374,7556114,Europe/Moscow
Москва,Москва,Севастопольский проспект,28 к.9,2023,14,2701900,5,251,1120950,326300,55.6639294,37.5725962,7727178374,9530534,Europe/Moscow
Москва,Москва,Севастопольский проспект,29,1961,5,415300,4,80,273089,326300,55.6760983,37.5932370,7727846342,7558686,Europe/Moscow
Москва,Москва,Севастопольский проспект,30,1963,9,252600,1,68,239004,326300,55.6593051,37.5729662,7727178374,7556119,Europe/Moscow
Москва,Москва,Севастопольский проспект,32,1963,9,285700,1,71,238909,326300,55.6586135,37.5722185,7727178374,7556120,Europe/Moscow
Москва,Москва,Севастопольский проспект,34,1963,9,260700,1,72,258108,326300,55.6583402,37.5718450,7727178374,8155060,Europe/Moscow
Москва,Москва,Севастопольский проспект,36,1963,9,263700,1,72,240013,326300,55.6576771,37.5712073,7727178374,7556122,Europe/Moscow
Москва,Москва,Севастопольский проспект,37,1965,5,770600,8,129,488802,326300,55.6733837,37.5912302,7727846342,7558694,Europe/Moscow
Москва,Москва,Севастопольский проспект,38,1963,9,257800,1,72,257800,326300,55.6574202,37.5708837,7727178374,8155061,Europe/Moscow
Москва,Москва,Севастопольский проспект,39,1965,5,338800,4,80,281492,326300,55.6731986,37.5904799,7727846342,7558696,Europe/Moscow
Москва,Москва,Новокосинская улица,6 к.1,1996,7,746800,6,109,693016,326300,55.7321378,37.8562864,7720800596,7559006,Europe/Moscow
Москва,Москва,Новокосинская улица,6 к.2,1996,7,766200,6,117,742922,326300,55.7333192,37.8585770,7720800596,7559008,Europe/Moscow
Москва,Москва,Новокосинская улица,7,1997,7,640500,5,97,559468,326300,55.7321709,37.8532333,7720800596,7559009,Europe/Moscow
Москва,Москва,Новокосинская улица,8 к.1,1996,14,1566900,5,268,1449811,326300,55.7330933,37.8554098,7720800596,7559010,Europe/Moscow
Москва,Москва,Новокосинская улица,8 к.2,1997,12,1062900,3,132,648768,326300,55.7335181,37.8566668,7720800596,7559011,Europe/Moscow
Москва,Москва,Новокосинская улица,9 к.1,1996,14,1558200,5,268,1419228,326300,55.7331680,37.8540961,7720800596,7559255,Europe/Moscow
Москва,Москва,Новокосинская улица,9 к.2,1998,14,1187500,3,156,854444,326300,55.7337011,37.8528137,7720800596,7559012,Europe/Moscow
Москва,Москва,Новокосинская улица,9 к.3,1998,5,450700,5,68,439858,326300,55.7335000,37.8511203,7720800596,7559013,Europe/Moscow
Москва,Москва,Новокосинская улица,10 к.1,1997,14,1550800,5,268,1211989,326300,55.7347341,37.8555794,7720800596,7559014,Europe/Moscow
Москва,Москва,Новокосинская улица,10 к.2,1997,12,1069600,3,132,651938,326300,55.7342146,37.8567365,7720800596,7559015,Europe/Moscow
Москва,Москва,Новокосинская улица,10 к.3,1996,7,484400,4,67,401604,326300,55.7338535,37.8579831,7720800596,7559016,Europe/Moscow
Москва,Москва,Новокосинская улица,11 к.1,1997,14,1559100,5,268,1322011,326300,55.7346405,37.8542366,7720800596,7559017,Europe/Moscow
Москва,Москва,Новокосинская улица,11 к.2,1998,14,1212200,3,156,855329,326300,55.7343811,37.8529905,7720800596,7559018,Europe/Moscow
Москва,Москва,Новокосинская улица,12 к.1,1997,17,865600,2,136,854870,326300,55.7355896,37.8559921,7720800596,7559019,Europe/Moscow
Москва,Москва,Новокосинская улица,12 к.2,1997,17,870500,2,128,752066,326300,55.7360459,37.8557056,7720800596,7559020,Europe/Moscow
Москва,Москва,Новокосинская улица,12 к.3,1997,17,860300,2,136,832154,326300,55.7364958,37.8560818,7720800596,7559022,Europe/Moscow
Москва,Москва,Новокосинская улица,12 к.4,1997,17,869000,2,134,667517,326300,55.7366609,37.8568612,7720800596,7559023,Europe/Moscow
Москва,Москва,Новокосинская улица,12 к.5,1997,17,869700,2,135,699138,326300,55.7364510,37.8576567,7720800596,7559024,Europe/Moscow
Москва,Москва,Новокосинская улица,12 к.6,1996,14,1240900,4,221,1147742,326300,55.7357430,37.8583837,7720800596,7559025,Europe/Moscow
Москва,Москва,Новокосинская улица,13 к.1,1996,17,1745000,4,257,1626966,326300,55.7360608,37.8543814,7720800596,7559026,Europe/Moscow
Москва,Москва,Новокосинская улица,13 к.2,2001,25,1305100,2,229,1153399,326300,55.7367239,37.8542425,7720800596,7559027,Europe/Moscow
Москва,Москва,Новокосинская улица,13 к.3,1998,17,1744800,4,252,1389278,326300,55.7369128,37.8522150,7720800596,7559028,Europe/Moscow
Москва,Москва,Новокосинская улица,13 к.4,1996,10,659100,3,118,650454,326300,55.7362082,37.8528562,7720800596,7559029,Europe/Moscow
Москва,Москва,Новокосинская улица,14 к.1,1997,17,871500,2,128,793319,326300,55.7368959,37.8586519,7720800596,7559030,Europe/Moscow
Москва,Москва,Новокосинская улица,14 к.2,1997,17,868000,2,134,857253,326300,55.7373522,37.8583652,7720800596,7559031,Europe/Moscow
Москва,Москва,Новокосинская улица,14 к.3,1997,17,867400,2,128,814851,326300,55.7378044,37.8587458,7720800596,7559032,Europe/Moscow
Москва,Москва,Новокосинская улица,14 к.4,1997,17,868000,2,133,857273,326300,55.7379651,37.8595215,7720800596,7559033,Europe/Moscow
Москва,Москва,Новокосинская улица,14 к.5,1997,17,871900,2,136,871900,326300,55.7377571,37.8603166,7720800596,7559034,Europe/Moscow
Москва,Москва,Новокосинская улица,14 к.6,1996,14,1236000,4,224,1103500,326300,55.7364627,37.8596226,7720800596,7559035,Europe/Moscow
Москва,Москва,Новокосинская улица,14 к.7,2004,22,1041700,2,168,992595,326300,55.7383336,37.8578946,7720800596,7559036,Europe/Moscow
Москва,Москва,Новокосинская улица,15 к.1,1997,17,869200,2,136,843774,326300,55.7379574,37.8523308,7720800596,7559037,Europe/Moscow
Москва,Москва,Новокосинская улица,15 к.2,1997,17,874600,2,128,831492,326300,55.7377337,37.8531215,7720800596,7559038,Europe/Moscow
Москва,Москва,Новокосинская улица,15 к.3,1997,17,870700,2,126,817938,326300,55.7378975,37.8539098,7720800596,7559039,Europe/Moscow
Москва,Москва,Новокосинская улица,15 к.4,1997,17,881500,2,135,877862,326300,55.7383402,37.8542999,7720800596,7559040,Europe/Moscow
Москва,Москва,Новокосинская улица,15 к.5,1997,17,873000,2,136,871346,326300,55.7387877,37.8540531,7720800596,7559041,Europe/Moscow
Москва,Москва,Новокосинская улица,15 к.7,2000,10,861300,4,143,763411,326300,55.7395257,37.8530414,,7559043,Europe/Moscow
Москва,Москва,Новокосинская улица,17 к.1,1996,17,871700,2,136,756368,326300,55.7392916,37.8550071,,7559044,Europe/Moscow
Москва,Москва,Новокосинская улица,17 к.2,1996,17,869700,2,135,717793,326300,55.7390814,37.8557816,,7559045,Europe/Moscow
Москва,Москва,Новокосинская улица,17 к.3,1996,17,861300,2,128,766831,326300,55.7392248,37.8566100,,7559046,Europe/Moscow
Москва,Москва,Новокосинская улица,17 к.4,1995,17,871400,2,133,862392,326300,55.7396589,37.8570064,,7559047,Europe/Moscow
Москва,Москва,Новокосинская улица,17 к.5,1996,17,873800,2,136,722222,326300,55.7401048,37.8567759,,7559048,Europe/Moscow
Москва,Москва,Новокосинская улица,17 к.6,1995,14,922700,3,166,828348,326300,55.7405646,37.8555620,,7559049,Europe/Moscow
Москва,Москва,Новокосинская улица,17 к.7,1998,10,858700,4,143,735157,326300,55.7398937,37.8538780,,7559050,Europe/Moscow
Москва,Москва,Новокосинская улица,18,2016,7,1074000,5,134,642244,326300,55.7391492,37.8594206,,9369702,Europe/Moscow
Москва,Москва,Новокосинская улица,18 к.1,2016,7,502200,2,56,329988,326300,55.7389023,37.8588854,,9369703,Europe/Moscow
Москва,Москва,Новокосинская улица,19,1995,17,1514500,4,260,1255867,326300,55.7402592,37.8587419,,7559051,Europe/Moscow
Москва,Москва,Новокосинская улица,20 к.1,1997,22,1175000,2,168,1125790,326300,55.7395410,37.8602864,,7559052,Europe/Moscow
Москва,Москва,Новокосинская улица,20 к.2,1996,17,1555500,4,271,1483317,326300,55.7387484,37.8608021,,7559215,Europe/Moscow
Москва,Москва,Новокосинская улица,20 к.3,1996,14,922100,3,168,916096,326300,55.7389680,37.8622539,,7559216,Europe/Moscow
Москва,Москва,Новокосинская улица,20 к.4,1996,12,796700,3,141,717353,326300,55.7382620,37.8618569,,7559219,Europe/Moscow
Москва,Москва,Новокосинская улица,21,1995,14,919100,3,166,891236,326300,55.7409035,37.8593939,,7559221,Europe/Moscow
Москва,Москва,Новокосинская улица,23,1990,17,1514000,4,260,1428850,326300,55.7412408,37.8606825,,8932144,Europe/Moscow
Москва,Москва,Новокосинская улица,24 к.1,1997,22,1152600,2,168,961083,326300,55.7405033,37.8616973,,7559222,Europe/Moscow
Москва,Москва,Новокосинская улица,24 к.2,1990,17,1118500,3,204,997447,326300,55.7396783,37.8627784,,7559223,Europe/Moscow
Москва,Москва,Новокосинская улица,24 к.3,1990,17,1113600,3,202,1049262,326300,55.7397187,37.8638461,,7559224,Europe/Moscow
Санкт-Петербург,Санкт-Петербург,Лиговский проспект,3/9 литера А,1896,6,505010,3,56,389990,120000,59.9377302,30.3645793,,7699009,Europe/Moscow
Санкт-Петербург,Санкт-Петербург,Лиговский проспект,9/31 литера А,1879,5,178180,1,18,133631,120000,59.9370240,30.3642609,,7699080,Europe/Moscow
Санкт-Петербург,Санкт-Петербург,Лиговский проспект,11 литера А,1890,4,171030,2,20,117620,115000,59.9368448,30.3635456,,7699097,Europe/Moscow
Санкт-Петербург,Санкт-Петербург,Лиговский проспект,17 литера А,1886,4,135670,1,13,84460,115000,59.9363991,30.3639779,,7699133,Europe/Moscow
Санкт-Петербург,Санкт-Петербург,Лиговский проспект,23 литера А,1937,6,261950,2,30,195810,118400,59.9347483,30.3629369,,7699157,Europe/Moscow
Санкт-Петербург,Санкт-Петербург,Лиговский проспект,27/7 литера А,1882,5,314320,3,47,232020,115000,59.9339578,30.3623327,,7699170,Europe/Moscow
Санкт-Петербург,Санкт-Петербург,Лиговский проспект,33-35 литера А,1897,5,473380,2,21,146417,115000,59.9327855,30.3611969,,7699205,Europe/Moscow
Санкт-Петербург,Санкт-Петербург,Лиговский проспект,44 литера А,1910,7,1724162,6,165,834337,120000,59.9261540,30.3588622,,9372702,Europe/Moscow
Санкт-Петербург,Санкт-Петербург,Лиговский проспект,44 литера Б,1910,7,1686220,9,245,1143655,120000,59.9261540,30.3588622,,9372703,Europe/Moscow
Санкт-Петербург,Санкт-Петербург,Лиговский проспект,44 литера В,1910,7,1646798,10,272,1105052,120000,59.9261540,30.3588622,,6745319,Europe/Moscow
Санкт-Петербург,Санкт-Петербург,Лиговский проспект,47 литера А,1877,4,496800,4,54,314676,115000,59.9297894,30.3587848,,6929915,Europe/Moscow
Санкт-Петербург,Санкт-Петербург,Лиговский проспект,48 литера В,1892,3,125156,1,12,76320,115000,59.9254511,30.3580922,,7027010,Europe/Moscow
Санкт-Петербург,Санкт-Петербург,Лиговский проспект,48 литера З,1900,4,100130,1,5,58260,115000,59.9254511,30.3580922,,7027011,Europe/Moscow
Санкт-Петербург,Санкт-Петербург,Лиговский проспект,51 литера А,1844,4,158100,2,18,104376,115000,59.9294308,30.3594330,,6929916,Europe/Moscow
Санкт-Петербург,Санкт-Петербург,Лиговский проспект,53 литера А,1912,7,326000,3,66,192791,120000,59.9291572,30.3592638,,6931025,Europe/Moscow
Санкт-Петербург,Санкт-Петербург,Лиговский проспект,55/4 литера А,1873,5,609000,3,53,404003,115000,59.9289020,30.3582921,,6931027,Europe/Moscow
Санкт-Петербург,Санкт-Петербург,Лиговский проспект,57-59 литера Э,1902,5,50320,1,14,4700,115000,59.9284643,30.3588865,,6931033,Europe/Moscow
Санкт-Петербург,Санкт-Петербург,Лиговский проспект,58 литера А,1875,5,251600,3,41,191333,115000,59.9240014,30.3571435,,7027012,Europe/Moscow
Санкт-Петербург,Санкт-Петербург,Лиговский проспект,63 литера А,1909,6,962800,6,127,759513,120000,59.9276133,30.3583082,,6931039,Europe/Moscow
Санкт-Петербург,Санкт-Петербург,Лиговский проспект,64-66 литера А,1881,5,497000,3,43,251310,115000,59.9227656,30.3567708,,7027013,Europe/Moscow
Санкт-Петербург,Санкт-Петербург,Лиговский проспект,65 литера А,1913,7,1590200,8,223,1229160,120000,59.9272655,30.3580572,,6931047,Europe/Moscow
Санкт-Петербург,Санкт-Петербург,Лиговский проспект,67/22 литера А,1854,4,295000,2,31,195520,115000,59.9268382,30.3572853,,6931256,Europe/Moscow
Санкт-Петербург,Санкт-Петербург,Лиговский проспект,68 литера Б,1916,5,159470,2,27,127011,120000,59.9225030,30.3557788,,7027016,Europe/Moscow
Санкт-Петербург,Санкт-Петербург,Лиговский проспект,68 литера В,1916,5,89360,1,12,63720,115000,59.9225030,30.3557788,,7027017,Europe/Moscow
Санкт-Петербург,Санкт-Петербург,Лиговский проспект,71 литера А,1827,4,160990,1,9,4990,115000,59.9261959,30.3574126,,6949262,Europe/Moscow
Санкт-Петербург,Санкт-Петербург,Лиговский проспект,71 литера П,1911,7,361050,3,84,297301,120000,59.9261959,30.3574126,,9327462,Europe/Moscow
Санкт-Петербург,Санкт-Петербург,Лиговский проспект,72 литера А,1882,4,201900,2,25,146987,115000,59.9221465,30.3561688,,7027019,Europe/Moscow
Санкт-Петербург,Санкт-Петербург,Лиговский проспект,72 литера Б,1882,5,84261,1,16,74242,115000,59.9221465,30.3561688,,7027044,Europe/Moscow
Санкт-Петербург,Санкт-Петербург,Лиговский проспект,75-77 литера А,1911,6,186700,2,28,112110,115000,59.9253489,30.3562332,,6949270,Europe/Moscow
Санкт-Петербург,Санкт-Петербург,Лиговский проспект,75-77 литера Ж,1906,6,190800,2,28,136630,115000,59.9253489,30.3562332,,6949277,Europe/Moscow
Санкт-Петербург,Санкт-Петербург,Лиговский проспект,76 литера А,1868,6,98100,1,13,64559,115000,59.9218058,30.3553283,,7027062,Europe/Moscow
Санкт-Петербург,Санкт-Петербург,Лиговский проспект,76 литера Б,1882,4,68700,1,12,46591,115000,59.9218058,30.3553283,,7027111,Europe/Moscow
Санкт-Петербург,Санкт-Петербург,Лиговский проспект,78 литера А,1828,5,110900,1,11,84490,115000,59.9216563,30.3552254,,7027112,Europe/Moscow
Санкт-Петербург,Санкт-Петербург,Лиговский проспект,79 литера А,1869,3,139300,2,23,93800,115000,59.9249915,30.3564111,,6949284,Europe/Moscow
Санкт-Петербург,Санкт-Петербург,Лиговский проспект,80 литера А,1881,5,300300,2,35,183789,115000,59.9214505,30.3561081,,7027113,Europe/Moscow
Санкт-Петербург,Санкт-Петербург,Лиговский проспект,81 литера А,1916,4,127900,2,17,85100,115000,59.9247980,30.3561874,,6949291,Europe/Moscow
Санкт-Петербург,Санкт-Петербург,Лиговский проспект,82 литера А,1828,4,153000,2,20,95311,115000,59.9214166,30.3554364,,7027114,Europe/Moscow
Санкт-Петербург,Санкт-Петербург,Лиговский проспект,83 литера А,1850,4,106900,1,10,72150,115000,59.9246317,30.3563960,,6949300,Europe/Moscow
Санкт-Петербург,Санкт-Петербург,Лиговский проспект,83 литера Б,1879,3,81100,2,22,65140,115000,59.9246317,30.3563960,,8009336,Europe/Moscow
Санкт-Петербург,Санкт-Петербург,Лиговский проспект,83 литера Г,1879,4,58400,1,11,40350,115000,59.9246317,30.3563960,,6949316,Europe/Moscow
Санкт-Петербург,Санкт-Петербург,Лиговский проспект,84/2 литера А,1880,4,93800,1,7,51368,115000,59.9212919,30.3550214,,7034025,Europe/Moscow
Санкт-Петербург,Санкт-Петербург,Лиговский проспект,85 литера А,1873,5,133821,1,20,102840,115000,59.9244707,30.3562955,,6949319,Europe/Moscow
Санкт-Петербург,Санкт-Петербург,Лиговский проспект,85 литера Б,1873,4,102577,1,13,79970,115000,59.9244707,30.3562955,,6949329,Europe/Moscow
Санкт-Петербург,Санкт-Петербург,Лиговский проспект,85 литера В,1873,3,50500,1,7,37370,115000,59.9244707,30.3562955,,6949333,Europe/Moscow
Санкт-Петербург,Санкт-Петербург,Лиговский проспект,87 литера В,1901,7,317700,2,44,256360,120000,59.9242297,30.3556430,,6949336,Europe/Moscow
Санкт-Петербург,Санкт-Петербург,Лиговский проспект,89/20 литера А,1850,5,471900,4,74,375770,120000,59.9239366,30.3559503,,9156132,Europe/Moscow
Санкт-Петербург,Санкт-Петербург,Лиговский проспект,93 литера А,1860,5,454000,3,58,311527,115000,59.9233859,30.3555180,,6962959,Europe/Moscow
Санкт-Петербург,Санкт-Петербург,Лиговский проспект,95 литера А,1860,4,90800,1,9,60794,115000,59.9232040,30.3545550,,6963083,Europe/Moscow
Санкт-Петербург,Санкт-Петербург,Лиговский проспект,96 литера А,1904,4,174400,1,11,111080,115000,59.9202659,30.3543493,,7027116,Europe/Moscow
Санкт-Петербург,Санкт-Петербург,Лиговский проспект,97 литера А,1866,4,221600,3,34,152840,115000,59.9228692,30.3549672,,6963096,Europe/Moscow
Санкт-Петербург,Санкт-Петербург,Лиговский проспект,98 литера А,1883,4,155570,1,13,92500,115000,59.9201495,30.3544771,,8177403,Europe/Moscow
Санкт-Петербург,Санкт-Петербург,Лиговский проспект,99 литера А,1860,3,244935,2,20,122053,115000,59.9225455,30.3546530,,7011200,Europe/Moscow
Санкт-Петербург,Санкт-Петербург,Лиговский проспект,99 литера Ж,1862,3,16720,1,3,12320,115000,59.9225455,30.3546530,,7012243,Europe/Moscow
Санкт-Петербург,Санкт-Петербург,Лиговский проспект,101 литера А,1832,5,99300,1,14,77700,115000,59.9222660,30.3545747,,7012259,Europe/Moscow
Санкт-Петербург,Санкт-Петербург,Лиговский проспект,101 литера Б,1916,4,46700,1,9,43500,115000,59.9222660,30.3545747,,7026995,Europe/Moscow
Санкт-Петербург,Санкт-Петербург,Московский проспект,1/2 литера А,1907,7,622100,3,82,449012,120000,59.9255382,30.3167153,,6548227,Europe/Moscow
Санкт-Петербург,Санкт-Петербург,Московский проспект,2/6 литера А,1850,5,931350,4,71,511738,120000,59.9259731,30.3185054,,6548228,Europe/Moscow
Санкт-Петербург,Санкт-Петербург,Московский проспект,5 литера А,1875,4,226279,1,13,95175,115000,59.9251428,30.3168274,,6569055,Europe/Moscow
Санкт-Петербург,Санкт-Петербург,Московский проспект,5 литера Б,1875,4,41190,1,14,7459,115000,59.9251428,30.3168274,,9124246,Europe/Moscow
Санкт-Петербург,Санкт-Петербург,Московский проспект,6 литера А,1912,6,883200,4,91,556431,120000,59.9247397,30.3180260,,6686546,Europe/Moscow
Санкт-Петербург,Санкт-Петербург,Московский проспект,7 литера А,1837,6,1095755,9,200,579445,120000,59.9247285,30.3165563,,6922427,Europe/Moscow
Санкт-Петербург,Санкт-Петербург,Московский проспект,18 литера Е,1885,4,334190,3,48,213070,115000,59.9206387,30.3182889,,9110315,Europe/Moscow
Санкт-Петербург,Санкт-Петербург,Московский проспект,20 литера А,1829,5,773100,7,134,574129,115000,59.9202342,30.3185573,,9081699,Europe/Moscow
Санкт-Петербург,Санкт-Петербург,Московский проспект,32 литера Б,1917,4,100650,1,15,66030,115000,59.9153783,30.3186849,,9110316,Europe/Moscow
Санкт-Петербург,Санкт-Петербург,Московский проспект,34 литера А,1894,4,194020,2,17,105100,115000,59.9151715,30.3185516,,9163495,Europe/Moscow
Санкт-Петербург,Санкт-Петербург,Московский проспект,36 литера А,1917,5,391750,3,53,267151,115000,59.9149401,30.3192784,,9163496,Europe/Moscow
Санкт-Петербург,Санкт-Петербург,Московский проспект,37/1 литера А,1907,6,508920,3,64,357141,120000,59.9133894,30.3169761,,6751239,Europe/Moscow
Санкт-Петербург,Санкт-Петербург,Московский проспект,38 литера А,1917,5,136060,2,23,73380,115000,59.9147159,30.3185456,,8950062,Europe/Moscow
Санкт-Петербург,Санкт-Петербург,Московский проспект,40 литера А,1826,5,312750,3,45,203440,115000,59.9144527,30.3185437,,8950063,Europe/Moscow
Санкт-Петербург,Санкт-Петербург,Московский проспект,42/27 литера А,1898,5,784893,6,101,451722,115000,59.9141304,30.3192522,,9163494,Europe/Moscow
Санкт-Петербург,Санкт-Петербург,Московский проспект,45 литера А,1867,4,109080,1,15,53760,115000,59.9120914,30.3179280,,6751240,Europe/Moscow
Санкт-Петербург,Санкт-Петербург,Московский проспект,45 литера Б,1874,4,114670,2,21,67350,115000,59.9120914,30.3179280,,9319791,Europe/Moscow
Санкт-Петербург,Санкт-Петербург,Московский проспект,45 литера В,1874,3,138000,1,6,37800,115000,59.9120914,30.3179280,,9319792,Europe/Moscow
Санкт-Петербург,Санкт-Петербург,Московский проспект,47 литера А,1884,5,250900,2,39,152400,120000,59.9119326,30.3174559,,6751241,Europe/Moscow
Санкт-Петербург,Санкт-Петербург,Московский проспект,49 литера А,1878,5,780860,4,79,473145,120000,59.9113113,30.3166689,,8957185,Europe/Moscow
Санкт-Петербург,Санкт-Петербург,Московский проспект,49 литера Е,1879,4,41600,2,18,22030,115000,59.9113113,30.3166689,,9319793,Europe/Moscow
Санкт-Петербург,Санкт-Петербург,Московский проспект,49 литера Л,1879,4,46570,2,20,29270,115000,59.9113113,30.3166689,,9319794,Europe/Moscow
Санкт-Петербург,Санкт-Петербург,Московский проспект,50 литера А,1917,3,442710,4,45,309260,115000,59.9107377,30.3187362,,6548232,Europe/Moscow
Санкт-Петербург,Санкт-Петербург,Московский проспект,51 литера А,1879,5,328060,3,48,262060,115000,59.9112790,30.3171331,,6751242,Europe/Moscow
Санкт-Петербург,Санкт-Петербург,Московский проспект,53 литера А,1905,4,313000,3,33,217220,115000,59.9110859,30.3179450,,6751243,Europe/Moscow
Санкт-Петербург,Санкт-Петербург,Московский проспект,54 литера А,1917,3,148440,2,16,85070,115000,59.9101830,30.3187547,,6548233,Europe/Moscow
Санкт-Петербург,Санкт-Петербург,Московский проспект,57 литера А,1880,4,131290,2,18,61680,115000,59.9105972,30.3179817,,6751244,Europe/Moscow
Санкт-Петербург,Санкт-Петербург,Московский проспект,57 литера И,1880,4,146760,2,28,87880,115000,59.9105972,30.3179817,,9062080,Europe/Moscow
Санкт-Петербург,Санкт-Петербург,Московский проспект,59 литера А,1880,5,577320,5,97,416477,115000,59.9103142,30.3180027,,6548234,Europe/Moscow
Санкт-Петербург,Санкт-Петербург,Московский проспект,61 литера А,1875,6,533370,3,69,359830,120000,59.9099754,30.3180148,,6548235,Europe/Moscow
Санкт-Петербург,Санкт-Петербург,Московский проспект,62 литера А,1958,6,399390,3,62,284000,118400,59.9081190,30.3190582,,9156168,Europe/Moscow
Санкт-Петербург,Санкт-Петербург,Московский проспект,63 литера А,1875,6,659640,5,113,447379,115000,59.9093036,30.3180548,,6751245,Europe/Moscow
Санкт-Петербург,Санкт-Петербург,Московский проспект,"64 литера А, А1",1958,6,336140,3,50,249490,118400,59.9078320,30.3191290,,7020976,Europe/Moscow
Санкт-Петербург,Санкт-Петербург,Московский проспект,66 литера А,1917,5,283700,3,44,189320,115000,59.9072207,30.3205890,,7020979,Europe/Moscow
Санкт-Петербург,Санкт-Петербург,Московский проспект,66 литера Б,1917,5,235500,3,50,197620,115000,59.9072207,30.3205890,,7020981,Europe/Moscow
Санкт-Петербург,Санкт-Петербург,Московский проспект,68 литера А,1917,5,173690,2,21,125701,115000,59.9071537,30.3188998,,9163506,Europe/Moscow
Санкт-Петербург,Санкт-Петербург,Московский проспект,70 корп. 2 литера Ж,1917,3,32460,1,2,18980,115000,59.9070030,30.3200952,,7020995,Europe/Moscow
Санкт-Петербург,Санкт-Петербург,Московский проспект,70 корп. 3 литера В,1917,4,137510,2,23,108890,115000,59.9069208,30.3205130,,7020999,Europe/Moscow
Санкт-Петербург,Санкт-Петербург,Московский проспект,"70 литера А, 1, 2",1917,5,355720,3,44,254410,115000,,,,7021001,Europe/Moscow
Санкт-Петербург,Санкт-Петербург,Московский проспект,72 литера В,1951,5,271210,2,34,163630,113400,59.9067925,30.3199544,,7021004,Europe/Moscow
Санкт-Петербург,Санкт-Петербург,Московский проспект,73 корп. 4 литера А,2015,11,4157030,11,474,2741940,117400,59.9050037,30.3167304,,9085230,Europe/Moscow
Санкт-Петербург,Санкт-Петербург,Московский проспект,73 корп. 5 литера А,2015,19,15978180,29,2186,10379270,117400,59.9050978,30.3124500,,9070924,Europe/Moscow
Санкт-Петербург,Санкт-Петербург,Московский проспект,73 литера А,1983,8,1325970,7,200,980480,115600,59.9049479,30.3179634,,9085147,Europe/Moscow
Санкт-Петербург,Санкт-Петербург,Московский проспект,74 литера А,1917,6,191900,2,31,128910,120000,59.9061616,30.3189785,,7020983,Europe/Moscow
Санкт-Петербург,Санкт-Петербург,Московский проспект,74 литера Ж,1917,2,43200,2,12,39116,115000,59.9061616,30.3189785,,7020989,Europe/Moscow
Санкт-Петербург,Санкт-Петербург,Московский проспект,75 литера А,1957,7,1927040,9,235,1369060,118400,59.9033921,30.3181004,,9355869,Europe/Moscow
Санкт-Петербург,Санкт-Петербург,Московский проспект,76 литера А,1917,4,149330,2,25,100750,115000,59.9058247,30.3192989,,7020990,Europe/Moscow
Санкт-Петербург,Санкт-Петербург,Московский проспект,78 литера А,1917,4,223120,3,33,149849,115000,59.9055177,30.3189932,,7020991,Europe/Moscow
Санкт-Петербург,Санкт-Петербург,Московский проспект,78 литера В,1917,4,80900,1,11,55300,115000,59.9055177,30.3189932,,7020992,Europe/Moscow
Санкт-Петербург,Санкт-Петербург,Московский проспект,78 литера К,1917,4,158200,2,27,130370,115000,59.9055177,30.3189932,,7020994,Europe/Moscow
Санкт-Петербург,Санкт-Петербург,Московский проспект,79 литера Б,1939,6,274870,2,29,206400,118400,59.9008637,30.3169775,,9319795,Europe/Moscow
Санкт-Петербург,Санкт-Петербург,Московский проспект,82 литера А,2007,9,1890430,4,118,1208120,115600,59.9046438,30.3205197,,8893052,Europe/Moscow
Санкт-Петербург,Санкт-Петербург,Московский проспект,86 литера А,1964,8,1491840,8,237,1089340,115000,59.9032379,30.3191739,,6687051,Europe/Moscow
Санкт-Петербург,Санкт-Петербург,Московский проспект,98а литера А,1939,2,58280,1,8,44890,113400,59.9002278,30.3210992,,7020974,Europe/Moscow
Санкт-Петербург,Санкт-Петербург,Московский проспект,102 литера А,1874,5,457330,3,58,310810,115000,59.8961796,30.3198535,,6921985,Europe/Moscow
Санкт-Петербург,Санкт-Петербург,проспект Стачек,4/1 литера И,1885,5,322580,2,40,250480,115000,59.8992133,30.2755657,,6945124,Europe/Moscow
Санкт-Петербург,Санкт-Петербург,проспект Стачек,6 литера А,1926,3,186970,2,22,88191,113400,59.8987554,30.2760897,,6686851,Europe/Moscow
Санкт-Петербург,Санкт-Петербург,проспект Стачек,8а литера А,1954,4,446640,6,83,363738,113400,59.8991237,30.2767295,,6958630,Europe/Moscow
Санкт-Петербург,Санкт-Петербург,проспект Стачек,9 литера А,1935,5,582220,5,93,438593,113400,59.8961684,30.2752297,,6945131,Europe/Moscow
Санкт-Петербург,Санкт-Петербург,проспект Стачек,10 литера А,1926,4,113270,2,17,97310,113400,59.8979624,30.2771596,,6942827,Europe/Moscow
Санкт-Петербург,Санкт-Петербург,проспект Стачек,11 литера А,1930,5,681100,7,137,519834,113400,59.8956020,30.2738308,,9130989,Europe/Moscow
Санкт-Петербург,Санкт-Петербург,проспект Стачек,13 литера А,1929,5,605340,8,141,513473,113400,59.8951849,30.2739513,,9352240,Europe/Moscow
Санкт-Петербург,Санкт-Петербург,проспект Стачек,15 литера А,1938,5,511670,6,108,415113,113400,59.8946359,30.2748760,,6571203,Europe/Moscow
Санкт-Петербург,Санкт-Петербург,проспект Стачек,16 литера А,1951,6,2556830,16,382,1695990,118400,59.8968506,30.2799002,,6942849,Europe/Moscow
Санкт-Петербург,Санкт-Петербург,проспект Стачек,17 литера А,1952,5,912940,7,124,652622,118400,59.8934962,30.2741709,,6711775,Europe/Moscow
Санкт-Петербург,Санкт-Петербург,проспект Стачек,19 литера А,1951,6,708490,4,96,475365,118400,59.8926788,30.2733119,,6942854,Europe/Moscow
Санкт-Петербург,Санкт-Петербург,проспект Стачек,21 корп. 2 литера А,1895,3,61590,1,10,38100,115000,59.8919998,30.2713589,,6548541,Europe/Moscow
Санкт-Петербург,Санкт-Петербург,проспект Стачек,21 литера А,1957,9,1271930,5,176,923803,118400,59.8915373,30.2711816,,6942857,Europe/Moscow
Санкт-Петербург,Санкт-Петербург,проспект Стачек,22 литера А,1927,5,364260,3,53,220507,113400,59.8908578,30.2728382,,6571204,Europe/Moscow
Санкт-Петербург,Санкт-Петербург,проспект Стачек,22а литера А,1954,6,507780,3,60,382871,118400,59.8909780,30.2736463,,6942859,Europe/Moscow
Санкт-Петербург,Санкт-Петербург,проспект Стачек,23 литера А,1936,6,342730,2,40,281742,118400,59.8910039,30.2716614,,6942860,Europe/Moscow
Санкт-Петербург,Санкт-Петербург,проспект Стачек,24 литера Щ,1927,4,269170,4,49,223250,113400,59.8903369,30.2730347,,6571205,Europe/Moscow
Санкт-Петербург,Санкт-Петербург,проспект Стачек,26 литера А,1954,5,595950,5,82,449535,113400,59.8899277,30.2729021,,6946782,Europe/Moscow
Санкт-Петербург,Санкт-Петербург,проспект Стачек,27 литера А,1925,5,278980,2,32,191840,113400,59.8898260,30.2705093,,6945111,Europe/Moscow
Санкт-Петербург,Санкт-Петербург,проспект Стачек,28 литера А,1952,6,574920,3,61,379810,113400,59.8894928,30.2713278,,9150352,Europe/Moscow
Санкт-Петербург,Санкт-Петербург,проспект Стачек,29 литера И,1925,4,192440,2,32,139151,113400,59.8892444,30.2697478,,6571206,Europe/Moscow
Санкт-Петербург,Санкт-Петербург,проспект Стачек,32 литера А,1953,5,490920,4,65,374154,113400,59.8888759,30.2707001,,6922636,Europe/Moscow
Санкт-Петербург,Санкт-Петербург,проспект Стачек,33/2 литера А,1925,4,129460,1,16,89669,113400,,,,6945120,Europe/Moscow
Санкт-Петербург,Санкт-Петербург,проспект Стачек,34 корп. 1 литера А,1953,5,373240,3,52,275823,113400,59.8884545,30.2708999,,6942850,Europe/Moscow
Санкт-Петербург,Санкт-Петербург,проспект Стачек,34 корп. 2 литера А,1952,5,331650,3,51,262961,113400,59.8878928,30.2711635,,6942851,Europe/Moscow
Санкт-Петербург,Санкт-Петербург,проспект Стачек,35 литера А,1925,4,82400,1,9,57270,113400,59.8883657,30.2688688,,6959824,Europe/Moscow
Санкт-Петербург,Санкт-Петербург,проспект Стачек,36 корп. 1 литера А,1951,5,312690,3,44,225359,113400,59.8876577,30.2694779,,6922637,Europe/Moscow
Санкт-Петербург,Санкт-Петербург,проспект Стачек,36 корп. 2 литера А,1952,5,338710,3,50,245319,113400,59.8873132,30.2705780,,6922638,Europe/Moscow
Санкт-Петербург,Санкт-Петербург,проспект Стачек,38 литера А,1904,3,208620,3,33,118533,115000,59.8877484,30.2702725,,8197120,Europe/Moscow
Санкт-Петербург,Санкт-Петербург,проспект Стачек,40 литера А,1951,4,237040,2,27,157138,113400,59.8870457,30.2688039,,9163794,Europe/Moscow
Санкт-Петербург,Санкт-Петербург,проспект Стачек,41 литера А,1951,5,910990,6,116,602751,113400,59.8869126,30.2676690,,6945125,Europe/Moscow
Санкт-Петербург,Санкт-Петербург,проспект Стачек,42 литера Б,1926,3,52670,1,6,34590,113400,59.8868338,30.2688939,,6945127,Europe/Moscow
Санкт-Петербург,Санкт-Петербург,проспект Стачек,44 литера А,1926,3,156540,2,18,91260,113400,59.8865192,30.2683339,,6922641,Europe/Moscow
Санкт-Петербург,Санкт-Петербург,проспект Стачек,46 литера А,1953,5,603600,6,114,397832,113400,59.8859331,30.2677450,,6922642,Europe/Moscow
Санкт-Петербург,Санкт-Петербург,проспект Стачек,55 литера А,1956,10,2868790,10,380,2026223,118400,59.8773368,30.2579627,,6922643,Europe/Moscow
Санкт-Петербург,Санкт-Петербург,проспект Стачек,57 литера А,1960,7,1824520,8,204,1309861,118400,59.8757922,30.2565057,,6922644,Europe/Moscow
Санкт-Петербург,Санкт-Петербург,проспект Стачек,59 корп. 2 литера А,1961,5,285550,4,61,255270,111200,59.8748536,30.2565542,,6922646,Europe/Moscow
Санкт-Петербург,Санкт-Петербург,проспект Стачек,59 литера А,1961,7,2858630,14,381,2073231,115000,59.8736741,30.2574643,,6922645,Europe/Moscow
Санкт-Петербург,Санкт-Петербург,проспект Стачек,67 корп. 1 литера А,1952,6,845790,4,92,595640,118400,59.8725901,30.2584944,,6922649,Europe/Moscow
Санкт-Петербург,Санкт-Петербург,проспект Стачек,67 корп. 2 литера А,1952,7,842450,4,95,618865,118400,59.8717240,30.2586984,,6922650,Europe/Moscow
Санкт-Петербург,Санкт-Петербург,проспект Стачек,67 корп. 3 литера А,1954,9,1956010,11,385,246040,118400,59.8705747,30.2570944,,6922651,Europe/Moscow
Санкт-Петербург,Санкт-Петербург,проспект Стачек,67 корп. 5 литера А,1953,7,998780,4,107,762760,118400,59.8714921,30.2569065,,9150345,Europe/Moscow
Санкт-Петербург,Санкт-Петербург,проспект Стачек,67 корп. 6 литера А,1954,6,869750,5,99,662129,118400,59.8724688,30.2565305,,6922652,Europe/Moscow
Санкт-Петербург,Санкт-Петербург,проспект Стачек,67 корп. 8 литера А,1955,5,288130,2,32,167570,113400,59.8711105,30.2578354,,6922654,Europe/Moscow
Санкт-Петербург,Санкт-Петербург,проспект Стачек,67 литера А,1895,5,158710,2,24,114800,115000,59.8711670,30.2586754,,6922647,Europe/Moscow
Санкт-Петербург,Санкт-Петербург,проспект Стачек,67 корп. 7 литера А,1954,5,321470,2,35,207460,113400,59.8720883,30.2576893,,6922653,Europe/Moscow
Санкт-Петербург,Санкт-Петербург,проспект Стачек,69 литера А,1956,7,1283200,6,159,930472,118400,59.8693679,30.2592882,,6922655,Europe/Moscow
Санкт-Петербург,Санкт-Петербург,проспект Стачек,71 литера А,1954,5,338860,3,47,237314,113400,59.8688959,30.2585202,,6922656,Europe/Moscow
Санкт-Петербург,Санкт-Петербург,проспект Стачек,73 литера А,1955,7,803750,4,106,608599,118400,59.8684640,30.2595323,,6922657,Europe/Moscow
Санкт-Петербург,Санкт-Петербург,проспект Стачек,74/1 литера А,1959,7,2398490,11,304,1753668,118400,59.8765093,30.2591441,,9156493,Europe/Moscow
Санкт-Петербург,Санкт-Петербург,проспект Стачек,75 литера А,1960,7,2470150,11,289,1760957,116200,59.8672025,30.2594002,,6922658,Europe/Moscow
Санкт-Петербург,Санкт-Петербург,проспект Стачек,77 литера А,1953,7,709580,4,99,545400,118400,59.8660810,30.2602410,,6922659,Europe/Moscow
Санкт-Петербург,Санкт-Петербург,проспект Стачек,79 литера А,1954,10,1248730,5,175,981773,118400,59.8655319,30.2597639,,9144967,Europe/Moscow
Санкт-Петербург,Санкт-Петербург,проспект Стачек,80 литера А,1939,6,533590,3,62,385635,118400,59.8726368,30.2595198,,9156494,Europe/Moscow
Санкт-Петербург,Санкт-Петербург,проспект Стачек,83 литера А,1976,13,480941,2,66,372550,115000,59.8622621,30.2542838,,7115784,Europe/Moscow
Санкт-Петербург,Санкт-Петербург,проспект Ветеранов,1 корп. 1 литера А,1974,9,1854050,11,364,1637194,117000,59.8470934,30.2535506,,6549142,Europe/Moscow
Санкт-Петербург,Санкт-Петербург,проспект Ветеранов,3 корп. 1 литера А,1974,9,452590,2,72,402520,117000,59.8463957,30.2516543,,6569590,Europe/Moscow
Санкт-Петербург,Санкт-Петербург,проспект Ветеранов,4 литера А,1964,5,354860,4,70,318560,113000,59.8463398,30.2568365,,6755849,Europe/Moscow
Санкт-Петербург,Санкт-Петербург,проспект Ветеранов,5 корп. 1 литера А,1974,9,1084650,6,191,931650,117000,59.8458238,30.2510355,,9125166,Europe/Moscow
Санкт-Петербург,Санкт-Петербург,проспект Ветеранов,6 литера А,1964,9,227770,2,55,190717,118000,59.8466265,30.2556734,,6922525,Europe/Moscow
Санкт-Петербург,Санкт-Петербург,проспект Ветеранов,8 литера А,1964,5,371420,4,70,317050,113000,59.8460804,30.2563576,,9150356,Europe/Moscow
Санкт-Петербург,Санкт-Петербург,проспект Ветеранов,9 литера А,2001,11,633026,2,77,511110,117400,59.8444452,30.2470444,,9111757,Europe/Moscow
Санкт-Петербург,Санкт-Петербург,проспект Ветеранов,10 литера А,1965,5,366560,4,70,317450,113000,59.8458262,30.2558982,,6755720,Europe/Moscow
Санкт-Петербург,Санкт-Петербург,проспект Ветеранов,11 литера А,1971,9,1067400,6,195,931520,117000,59.8449069,30.2449569,,6755723,Europe/Moscow
Санкт-Петербург,Санкт-Петербург,проспект Ветеранов,12 литера А,1965,9,227600,2,54,191870,117000,59.8461431,30.2547433,,9023806,Europe/Moscow
Санкт-Петербург,Санкт-Петербург,проспект Ветеранов,13 литера А,1969,12,502220,2,86,414020,115000,59.8440087,30.2465541,,6755760,Europe/Moscow
Санкт-Петербург,Санкт-Петербург,проспект Ветеранов,15 литера А,1966,5,361650,4,71,316995,113000,59.8438781,30.2448288,,6755761,Europe/Moscow
Санкт-Петербург,Санкт-Петербург,проспект Ветеранов,17 литера А,1966,5,357070,4,71,316640,113000,59.8440468,30.2440778,,6755762,Europe/Moscow
Санкт-Петербург,Санкт-Петербург,проспект Ветеранов,18 литера А,1965,5,281090,3,49,238590,113000,59.8448377,30.2548714,,6755763,Europe/Moscow
Санкт-Петербург,Санкт-Петербург,проспект Ветеранов,20 литера А,1965,5,281500,3,52,244024,113000,59.8445981,30.2553763,,6755764,Europe/Moscow
Санкт-Петербург,Санкт-Петербург,проспект Ветеранов,21 литера А,1968,12,510440,2,82,407230,115000,59.8434408,30.2452685,,6755765,Europe/Moscow
Санкт-Петербург,Санкт-Петербург,проспект Ветеранов,22 литера А,1965,5,282060,3,50,245230,113000,59.8443527,30.2558788,,6755767,Europe/Moscow
Санкт-Петербург,Санкт-Петербург,проспект Ветеранов,23 литера А,1969,12,508040,2,86,418700,115000,59.8428967,30.2440660,,6755769,Europe/Moscow
Санкт-Петербург,Санкт-Петербург,проспект Ветеранов,24 литера А,1965,5,281450,3,52,244260,113000,59.8451834,30.2531108,,6755770,Europe/Moscow
Санкт-Петербург,Санкт-Петербург,проспект Ветеранов,25 литера А,1965,5,368130,4,70,313540,113000,59.8436236,30.2429333,,6755773,Europe/Moscow
Санкт-Петербург,Санкт-Петербург,проспект Ветеранов,26 литера А,1965,9,228670,2,55,191400,118000,59.8446664,30.2538961,,6755775,Europe/Moscow
Санкт-Петербург,Санкт-Петербург,проспект Ветеранов,27 литера А,1965,5,270820,3,50,245287,113000,59.8443328,30.2422113,,6755796,Europe/Moscow
Санкт-Петербург,Санкт-Петербург,проспект Ветеранов,28 литера А,1965,5,284140,3,51,246010,113000,59.8449487,30.2525826,,6755798,Europe/Moscow
Санкт-Петербург,Санкт-Петербург,проспект Ветеранов,29 литера А,1966,9,223150,2,54,189015,118000,59.8442012,30.2401167,,6755800,Europe/Moscow
Санкт-Петербург,Санкт-Петербург,проспект Ветеранов,30 литера А,1965,5,282270,3,50,244790,113000,59.8447179,30.2520565,,6755801,Europe/Moscow
Санкт-Петербург,Санкт-Петербург,проспект Ветеранов,31 литера А,1965,5,281590,3,50,245220,113000,59.8436867,30.2405978,,6755804,Europe/Moscow
Санкт-Петербург,Санкт-Петербург,проспект Ветеранов,32 литера А,1965,5,283370,3,50,245320,113000,59.8444842,30.2515360,,6755805,Europe/Moscow
Санкт-Петербург,Санкт-Петербург,проспект Ветеранов,33 литера А,1965,5,372150,4,70,317230,113000,59.8431224,30.2418893,,6755806,Europe/Moscow
Санкт-Петербург,Санкт-Петербург,проспект Ветеранов,34 литера А,1967,9,235150,2,56,192540,118000,59.8435782,30.2488392,,6755838,Europe/Moscow
Санкт-Петербург,Санкт-Петербург,проспект Ветеранов,35 литера А,1965,5,354440,4,72,316982,113000,59.8429071,30.2413531,,6755842,Europe/Moscow
Санкт-Петербург,Санкт-Петербург,проспект Ветеранов,36 корп. 2 литера А,2011,25,1345630,2,128,874030,120000,59.8430043,30.2474749,,8670470,Europe/Moscow
Санкт-Петербург,Санкт-Петербург,проспект Ветеранов,36 литера А,1967,9,232960,2,61,172720,118000,59.8431749,30.2482517,,6755843,Europe/Moscow
Санкт-Петербург,Санкт-Петербург,проспект Ветеранов,37 литера А,1965,5,366950,4,71,317367,113000,59.8426922,30.2408087,,6755845,Europe/Moscow
Санкт-Петербург,Санкт-Петербург,проспект Ветеранов,38/1 литера А,1968,9,210640,2,45,198140,115000,59.8417205,30.2445329,,9144987,Europe/Moscow
Санкт-Петербург,Санкт-Петербург,проспект Ветеранов,39 корп. 2 литера А,1968,5,372230,4,79,311926,113000,59.8442095,30.2386314,,9165044,Europe/Moscow
Санкт-Петербург,Санкт-Петербург,проспект Ветеранов,40 литера А,1968,9,227908,2,45,197460,115000,59.8414178,30.2437148,,9144968,Europe/Moscow
Санкт-Петербург,Санкт-Петербург,проспект Ветеранов,41 литера А,1965,5,367940,4,70,319056,113000,59.8424763,30.2402791,,6755852,Europe/Moscow
Санкт-Петербург,Санкт-Петербург,проспект Ветеранов,42 литера А,1966,5,363360,4,70,318520,113000,59.8406488,30.2445328,,9150362,Europe/Moscow
Санкт-Петербург,Санкт-Петербург,проспект Ветеранов,43 литера А,1967,9,1554500,8,254,1132080,115000,59.8421855,30.2418953,,6755857,Europe/Moscow
Санкт-Петербург,Санкт-Петербург,проспект Ветеранов,44 литера А,1966,5,367100,4,71,318540,113000,59.8403134,30.2441872,,9156482,Europe/Moscow
Санкт-Петербург,Санкт-Петербург,проспект Ветеранов,45 литера А,1970,12,506060,2,83,408460,115000,59.8415033,30.2403113,,6755863,Europe/Moscow
Санкт-Петербург,Санкт-Петербург,проспект Ветеранов,46 литера А,1968,9,229900,2,45,199430,115000,59.8411220,30.2428818,,9144980,Europe/Moscow
Санкт-Петербург,Санкт-Петербург,проспект Ветеранов,47 литера А,1970,12,501960,2,85,417046,115000,59.8418311,30.2394451,,6755864,Europe/Moscow
Санкт-Петербург,Санкт-Петербург,проспект Ветеранов,48 литера А,1966,5,369110,4,70,320342,113000,59.8400193,30.2437633,,6755866,Europe/Moscow
Санкт-Петербург,Санкт-Петербург,проспект Ветеранов,49 литера А,1965,5,368850,4,72,319310,113000,59.8422886,30.2388089,,6755867,Europe/Moscow
Санкт-Петербург,Санкт-Петербург,проспект Ветеранов,50 литера А,1968,9,233740,2,46,193970,116200,59.8408287,30.2420622,,9150731,Europe/Moscow
Санкт-Петербург,Санкт-Петербург,проспект Ветеранов,51 литера А,1970,12,504430,2,85,421350,115000,59.8412149,30.2394894,,6548531,Europe/Moscow
Санкт-Петербург,Санкт-Петербург,проспект Ветеранов,55 литера А,1968,9,1560400,7,248,1143540,116200,59.8396957,30.2356027,,9144972,Europe/Moscow
Санкт-Петербург,Санкт-Петербург,проспект Ветеранов,59 литера А,1967,5,278800,3,50,245580,113000,59.8394135,30.2339738,,6755869,Europe/Moscow
Санкт-Петербург,Санкт-Петербург,проспект Ветеранов,61 литера А,1967,5,271620,3,51,245720,113000,59.8392152,30.2334030,,6755871,Europe/Moscow
Санкт-Петербург,Санкт-Петербург,проспект Ветеранов,63 литера А,1967,5,272460,3,50,239922,113000,59.8390099,30.2328538,,6755872,Europe/Moscow
Санкт-Петербург,Санкт-Петербург,проспект Ветеранов,65 литера А,1967,5,271960,3,50,239550,113000,59.8388119,30.2322930,,6755873,Europe/Moscow
Санкт-Петербург,Санкт-Петербург,проспект Ветеранов,67 корп. 2 литера А,1967,5,352574,4,71,316574,113000,59.8394809,30.2298297,,6755876,Europe/Moscow
Санкт-Петербург,Санкт-Петербург,проспект Ветеранов,67 корп. 3 литера А,1967,5,355469,4,70,318641,113000,59.8399322,30.2292240,,6755878,Europe/Moscow
Санкт-Петербург,Санкт-Петербург,проспект Ветеранов,67 корп. 4 литера А,1967,5,354151,4,70,317934,113000,59.8403623,30.2286105,,6755879,Europe/Moscow
Санкт-Петербург,Санкт-Петербург,Невский проспект,3 литера А,1839,5,444100,2,28,244414,115000,59.9366771,30.3123703,,6927234,Europe/Moscow
Санкт-Петербург,Санкт-Петербург,Невский проспект,5 литера А,1828,5,426600,1,13,87500,120000,59.9366295,30.3130467,,6927235,Europe/Moscow
Санкт-Петербург,Санкт-Петербург,Невский проспект,6 литера А,1885,5,409800,2,25,298160,120000,59.9371563,30.3147986,,7364915,Europe/Moscow
Санкт-Петербург,Санкт-Петербург,Невский проспект,11/2 литера А,1828,6,991100,2,34,570930,120000,59.9362569,30.3152995,,6928728,Europe/Moscow
Санкт-Петербург,Санкт-Петербург,Невский проспект,13/9 литера А,1826,4,637400,4,53,413070,115000,59.9361966,30.3170471,,6745329,Europe/Moscow
Санкт-Петербург,Санкт-Петербург,Невский проспект,18 литера А,1828,5,746700,3,53,421370,115000,59.9365674,30.3181508,,6571456,Europe/Moscow
Санкт-Петербург,Санкт-Петербург,Невский проспект,20 литера А,1858,4,751400,1,7,33940,115000,59.9363239,30.3204310,,7364916,Europe/Moscow
Санкт-Петербург,Санкт-Петербург,Невский проспект,22-24 литера А,1828,7,3792800,6,146,1148290,120000,59.9361516,30.3244786,,9145472,Europe/Moscow
Санкт-Петербург,Санкт-Петербург,Невский проспект,23 литера А,1838,6,479000,2,25,287260,120000,59.9354319,30.3227709,,9150936,Europe/Moscow
Санкт-Петербург,Санкт-Петербург,Невский проспект,29-31 литера А,1777,5,213100,1,3,26070,115000,59.9347451,30.3291598,,6928735,Europe/Moscow
Санкт-Петербург,Санкт-Петербург,Невский проспект,32-34 литера А,1860,7,21113640,3,74,659570,120000,59.9356088,30.3291010,,9149512,Europe/Moscow
Санкт-Петербург,Санкт-Петербург,Невский проспект,40-42 литера А,1803,7,1198200,1,23,166990,120000,59.9353859,30.3328457,,7364918,Europe/Moscow
Санкт-Петербург,Санкт-Петербург,Невский проспект,51 литера А,1834,5,480800,3,42,303928,115000,59.9323102,30.3491062,,6943026,Europe/Moscow
Санкт-Петербург,Санкт-Петербург,Невский проспект,51 литера В,1901,4,62300,1,8,47968,115000,59.9323102,30.3491062,,6943030,Europe/Moscow
Санкт-Петербург,Санкт-Петербург,Невский проспект,53 литера А,1863,5,302600,2,25,178221,115000,59.9321195,30.3497092,,6943032,Europe/Moscow
Санкт-Петербург,Санкт-Петербург,Невский проспект,53 литера Э,1863,5,228200,2,28,165009,115000,59.9321195,30.3497092,,6943034,Europe/Moscow
Санкт-Петербург,Санкт-Петербург,Невский проспект,60 литера А,1856,4,534100,1,8,56700,115000,59.9342232,30.3389432,,7364919,Europe/Moscow
Санкт-Петербург,Санкт-Петербург,Невский проспект,61 литера А,1849,4,370600,1,13,92698,115000,59.9318641,30.3522274,,6943039,Europe/Moscow
Санкт-Петербург,Санкт-Петербург,Невский проспект,63 литера А,1876,6,605900,3,58,394936,120000,59.9318663,30.3526309,,6943040,Europe/Moscow
Санкт-Петербург,Санкт-Петербург,Невский проспект,65 литера А,1902,7,755500,2,34,265441,120000,59.9315348,30.3533544,,6943041,Europe/Moscow
Санкт-Петербург,Санкт-Петербург,Невский проспект,67 литера А,1842,6,631900,1,6,74510,120000,59.9314369,30.3536581,,7919591,Europe/Moscow
Санкт-Петербург,Санкт-Петербург,Невский проспект,69 литера А,1851,4,221200,1,6,24630,115000,59.9315331,30.3541026,,6943042,Europe/Moscow
Санкт-Петербург,Санкт-Петербург,Невский проспект,72 литера А,1878,6,577000,2,26,269042,120000,59.9333142,30.3460229,,7364920,Europe/Moscow
Санкт-Петербург,Санкт-Петербург,Невский проспект,74-76 литера Б,1882,6,164700,1,21,116860,115000,59.9335192,30.3470496,,6687401,Europe/Moscow
Санкт-Петербург,Санкт-Петербург,Невский проспект,81 литера А,1852,6,484300,2,30,218080,120000,59.9308035,30.3590815,,6941894,Europe/Moscow
Санкт-Петербург,Санкт-Петербург,Невский проспект,84-86 литера Б,1862,5,895572,6,112,670557,115000,59.9330548,30.3510596,,9149687,Europe/Moscow
Санкт-Петербург,Санкт-Петербург,Невский проспект,87/2 литера А,1867,5,590470,1,19,112840,115000,59.9303809,30.3635590,,7699869,Europe/Moscow
Санкт-Петербург,Санкт-Петербург,Невский проспект,88 литера А,1914,7,1812700,5,126,1359424,120000,59.9329149,30.3517554,,8034906,Europe/Moscow
Санкт-Петербург,Санкт-Петербург,Невский проспект,88 литера Б,1870,4,341800,2,29,182160,115000,59.9329149,30.3517554,,8034915,Europe/Moscow
Санкт-Петербург,Санкт-Петербург,Невский проспект,93 литера А,1861,5,436300,3,49,310830,115000,59.9299708,30.3654867,,7699923,Europe/Moscow
Санкт-Петербург,Санкт-Петербург,Невский проспект,95 литера А,1912,7,520800,2,32,194449,120000,59.9300245,30.3664859,,7699944,Europe/Moscow
Санкт-Петербург,Санкт-Петербург,Невский проспект,97 литера А,1875,6,734430,5,99,566032,120000,59.9297245,30.3665098,,7699969,Europe/Moscow
Санкт-Петербург,Санкт-Петербург,Невский проспект,100 литера А,1840,5,436700,1,19,206780,120000,59.9321046,30.3555002,,7364924,Europe/Moscow
Санкт-Петербург,Санкт-Петербург,Невский проспект,102 литера А,1877,5,306600,1,12,89801,115000,59.9321070,30.3561653,,7364925,Europe/Moscow
Санкт-Петербург,Санкт-Петербург,Невский проспект,102 литера Ж,1899,5,152110,2,24,118250,115000,59.9321070,30.3561653,,7364926,Europe/Moscow
Санкт-Петербург,Санкт-Петербург,Невский проспект,102 литера М,1899,5,147360,2,29,118469,115000,59.9321070,30.3561653,,7364927,Europe/Moscow
Санкт-Петербург,Санкт-Петербург,Невский проспект,103 литера А,1880,4,329150,3,35,256943,115000,59.9294613,30.3676820,,7699998,Europe/Moscow
Санкт-Петербург,Санкт-Петербург,Невский проспект,105 литера А,1892,5,449780,2,31,348213,115000,59.9292962,30.3685862,,7700056,Europe/Moscow
Санкт-Петербург,Санкт-Петербург,Невский проспект,106 литера Ж,1837,5,112780,1,13,73638,115000,59.9321080,30.3572928,,7364931,Europe/Moscow
Санкт-Петербург,Санкт-Петербург,Невский проспект,107 литера Г,1916,3,21500,1,2,10960,115000,59.9291388,30.3686354,,7700090,Europe/Moscow
Санкт-Петербург,Санкт-Петербург,Невский проспект,108 литера В,1823,3,73100,1,5,48940,115000,59.9320309,30.3578443,,7364933,Europe/Moscow
Санкт-Петербург,Санкт-Петербург,Невский проспект,110 литера А,1916,4,210600,2,31,132650,115000,59.9320456,30.3579950,,9092902,Europe/Moscow
Санкт-Петербург,Санкт-Петербург,Невский проспект,110 литера В,1916,4,108000,1,11,72623,115000,59.9320456,30.3579950,,7364935,Europe/Moscow
Санкт-Петербург,Санкт-Петербург,Невский проспект,111/3 литера А,1861,4,1460200,3,41,221400,115000,59.9283589,30.3697849,,7700343,Europe/Moscow
Санкт-Петербург,Санкт-Петербург,Невский проспект,112 литера А,1866,5,619700,3,55,320220,115000,59.9325045,30.3586383,,6709403,Europe/Moscow
Санкт-Петербург,Санкт-Петербург,Невский проспект,113/4 литера А,1917,4,681400,5,77,453059,115000,59.9281221,30.3711994,,8647426,Europe/Moscow
Санкт-Петербург,Санкт-Петербург,Невский проспект,115 литера А,1916,4,177220,2,17,94520,115000,59.9277031,30.3731034,,7700127,Europe/Moscow
Санкт-Петербург,Санкт-Петербург,Невский проспект,117 литера А,1860,4,109700,1,11,81210,115000,59.9275772,30.3734854,,7700146,Europe/Moscow
Санкт-Петербург,Санкт-Петербург,Невский проспект,119 литера А,1900,7,1225600,6,164,928226,120000,59.9272250,30.3736949,,7700166,Europe/Moscow
Санкт-Петербург,Санкт-Петербург,Невский проспект,120 литера А,1868,5,427500,2,24,244475,115000,59.9310082,30.3635708,,7700177,Europe/Moscow
Санкт-Петербург,Санкт-Петербург,Невский проспект,122 литера А,1871,5,326350,2,22,150540,115000,59.9308849,30.3641138,,8344088,Europe/Moscow
Санкт-Петербург,Санкт-Петербург,Невский проспект,124 литера А,1890,4,168800,1,15,87540,115000,59.9307276,30.3648994,,7700262,Europe/Moscow
Санкт-Петербург,Санкт-Петербург,Невский проспект,125 литера А,1861,3,95140,1,6,37710,115000,59.9272088,30.3745752,,7700296,Europe/Moscow
Санкт-Петербург,Санкт-Петербург,Невский проспект,126/2 литера Б,1846,5,394200,3,59,285200,115000,59.9308185,30.3655892,,7700367,Europe/Moscow
Санкт-Петербург,Санкт-Петербург,Невский проспект,127 литера В,1870,4,93020,1,11,65740,115000,59.9267618,30.3742140,,7700416,Europe/Moscow
Санкт-Петербург,Санкт-Петербург,проспект Народного Ополчения,1 литера А,1962,5,364780,4,70,314300,113000,59.8534891,30.2799810,,6827988,Europe/Moscow
Санкт-Петербург,Санкт-Петербург,проспект Народного Ополчения,7 литера А,1963,5,272110,3,52,241930,113000,59.8505596,30.2795717,,6828122,Europe/Moscow
Санкт-Петербург,Санкт-Петербург,проспект Народного Ополчения,9 литера А,1963,5,357810,4,70,317000,113000,59.8495031,30.2796740,,6828139,Europe/Moscow
Санкт-Петербург,Санкт-Петербург,проспект Народного Ополчения,10 литера А,2010,25,11377310,17,1648,7281450,117500,59.8502658,30.2814402,,8982783,Europe/Moscow
Санкт-Петербург,Санкт-Петербург,проспект Народного Ополчения,13 литера А,1963,5,359990,4,70,319060,113000,59.8490984,30.2785799,,6828009,Europe/Moscow
Санкт-Петербург,Санкт-Петербург,проспект Народного Ополчения,15 литера А,1963,5,274610,3,53,244820,113000,59.8491706,30.2768096,,6828074,Europe/Moscow
Санкт-Петербург,Санкт-Петербург,проспект Народного Ополчения,21 литера А,1964,9,225050,2,54,190098,118000,59.8481404,30.2794577,,6828075,Europe/Moscow
Санкт-Петербург,Санкт-Петербург,проспект Народного Ополчения,23 литера А,1963,5,363870,4,71,316535,113000,59.8483473,30.2784845,,6828076,Europe/Moscow
Санкт-Петербург,Санкт-Петербург,проспект Народного Ополчения,25 литера А,1963,5,279660,3,51,245650,113000,59.8485186,30.2769996,,6828077,Europe/Moscow
Санкт-Петербург,Санкт-Петербург,проспект Народного Ополчения,27 литера А,1964,9,224960,2,56,192910,118000,59.8475944,30.2794394,,6828078,Europe/Moscow
Санкт-Петербург,Санкт-Петербург,проспект Народного Ополчения,29 литера А,1963,5,363560,4,70,318220,113000,59.8477751,30.2784556,,6828079,Europe/Moscow
Санкт-Петербург,Санкт-Петербург,проспект Народного Ополчения,31 литера А,1963,5,275770,3,51,243780,113000,59.8479728,30.2769459,,6828080,Europe/Moscow
Санкт-Петербург,Санкт-Петербург,проспект Народного Ополчения,33 литера А,1963,9,226820,2,54,193750,118000,59.8470321,30.2793969,,6828081,Europe/Moscow
Санкт-Петербург,Санкт-Петербург,проспект Народного Ополчения,35 литера А,1963,5,362460,4,71,317150,113000,59.8472115,30.2784101,,6828082,Europe/Moscow
Санкт-Петербург,Санкт-Петербург,проспект Народного Ополчения,37 литера А,1963,5,277420,3,52,245220,113000,59.8474111,30.2768724,,6828083,Europe/Moscow
Санкт-Петербург,Санкт-Петербург,проспект Народного Ополчения,39 литера А,1964,9,225030,2,57,189680,118000,59.8464674,30.2793497,,6828084,Europe/Moscow
Санкт-Петербург,Санкт-Петербург,проспект Народного Ополчения,41 литера А,1963,5,364780,4,72,319540,113000,59.8466578,30.2783572,,6828085,Europe/Moscow
Санкт-Петербург,Санкт-Петербург,проспект Народного Ополчения,43 литера А,1963,5,277670,3,50,246160,113000,59.8468500,30.2768195,,6828086,Europe/Moscow
Санкт-Петербург,Санкт-Петербург,проспект Народного Ополчения,45 литера А,1964,9,229291,2,56,190496,118000,59.8459505,30.2792384,,6922597,Europe/Moscow
Санкт-Петербург,Санкт-Петербург,проспект Народного Ополчения,47 литера А,1963,5,362830,4,72,317540,113000,59.8461490,30.2782028,,6828087,Europe/Moscow
Санкт-Петербург,Санкт-Петербург,проспект Народного Ополчения,49 литера А,1963,5,277160,3,50,245190,113000,59.8462882,30.2767399,,6828088,Europe/Moscow
Санкт-Петербург,Санкт-Петербург,проспект Народного Ополчения,51 литера А,1964,9,226010,2,55,192720,118000,59.8455075,30.2789562,,6828089,Europe/Moscow
Санкт-Петербург,Санкт-Петербург,проспект Народного Ополчения,53 литера А,1963,5,363060,4,71,318020,113000,59.8456849,30.2779658,,6828091,Europe/Moscow
Санкт-Петербург,Санкт-Петербург,проспект Народного Ополчения,55 литера А,1963,5,273650,3,50,243350,113000,59.8456259,30.2764311,,6828092,Europe/Moscow
Санкт-Петербург,Санкт-Петербург,проспект Народного Ополчения,57 литера А,1964,9,225210,2,54,191910,118000,59.8450815,30.2784278,,6828094,Europe/Moscow
Санкт-Петербург,Санкт-Петербург,проспект Народного Ополчения,59 литера А,1963,5,275970,3,51,245686,113000,59.8452087,30.2776230,,6828097,Europe/Moscow
Санкт-Петербург,Санкт-Петербург,проспект Народного Ополчения,61 литера А,1964,9,224120,2,57,192400,118000,59.8446912,30.2778965,,6828099,Europe/Moscow
Санкт-Петербург,Санкт-Петербург,проспект Народного Ополчения,63 литера А,1963,5,362110,4,73,314188,113000,59.8448684,30.2769291,,6828113,Europe/Moscow
Санкт-Петербург,Санкт-Петербург,проспект Народного Ополчения,67 литера А,1964,5,276060,3,49,238140,113000,59.8429047,30.2749395,,6828115,Europe/Moscow
Санкт-Петербург,Санкт-Петербург,проспект Народного Ополчения,69 литера А,1964,5,357960,4,70,317250,113000,59.8430938,30.2735631,,6828117,Europe/Moscow
Санкт-Петербург,Санкт-Петербург,проспект Народного Ополчения,71 литера А,1964,5,276880,3,50,244690,113000,59.8424519,30.2742924,,6828123,Europe/Moscow
Санкт-Петербург,Санкт-Петербург,проспект Народного Ополчения,73 литера А,1964,5,358820,4,72,318010,113000,59.8426565,30.2729156,,6828124,Europe/Moscow
Санкт-Петербург,Санкт-Петербург,проспект Народного Ополчения,75 литера А,1965,9,225300,2,55,192550,118000,59.8431369,30.2723876,,6828125,Europe/Moscow
Санкт-Петербург,Санкт-Петербург,проспект Народного Ополчения,77 литера А,1964,5,277170,3,51,244930,113000,59.8419992,30.2736457,,6828128,Europe/Moscow
Санкт-Петербург,Санкт-Петербург,проспект Народного Ополчения,79 литера А,1964,5,358650,4,71,317918,113000,59.8422143,30.2722592,,6828130,Europe/Moscow
Санкт-Петербург,Санкт-Петербург,проспект Народного Ополчения,81 литера А,1965,9,229210,2,54,192320,118000,59.8427001,30.2717367,,6922598,Europe/Moscow
Санкт-Петербург,Санкт-Петербург,проспект Народного Ополчения,83 литера А,1964,5,280600,3,52,240151,113000,59.8415516,30.2729775,,6828132,Europe/Moscow
Санкт-Петербург,Санкт-Петербург,проспект Народного Ополчения,85 литера А,1964,5,359660,4,70,318746,113000,59.8417620,30.2715887,,6828133,Europe/Moscow
Санкт-Петербург,Санкт-Петербург,проспект Народного Ополчения,87 литера А,1965,9,226100,2,55,191879,118000,59.8422495,30.2710511,,6828135,Europe/Moscow
Санкт-Петербург,Санкт-Петербург,проспект Народного Ополчения,89 литера А,1964,5,280780,3,50,244917,113000,59.8410917,30.2723097,,6828136,Europe/Moscow
Санкт-Петербург,Санкт-Петербург,проспект Народного Ополчения,93 литера А,1965,5,373750,4,70,317590,113000,59.8398747,30.2710397,,6828141,Europe/Moscow
Санкт-Петербург,Санкт-Петербург,проспект Народного Ополчения,97 литера А,1965,5,374330,4,70,318103,113000,59.8396134,30.2705686,,6828143,Europe/Moscow
Санкт-Петербург,Санкт-Петербург,проспект Народного Ополчения,99 литера А,1965,5,374400,4,70,318180,113000,59.8393608,30.2701120,,6828145,Europe/Moscow
Санкт-Петербург,Санкт-Петербург,проспект Народного Ополчения,105 литера А,1965,5,371150,4,70,317250,113000,59.8390993,30.2696363,,6827990,Europe/Moscow
Санкт-Петербург,Санкт-Петербург,проспект Народного Ополчения,109 литера А,1965,5,283270,3,50,239466,113000,59.8391577,30.2680107,,6827992,Europe/Moscow
Санкт-Петербург,Санкт-Петербург,проспект Народного Ополчения,111 литера А,1962,5,281520,3,50,245780,113000,59.8387311,30.2681953,,6827994,Europe/Moscow
Санкт-Петербург,Санкт-Петербург,проспект Народного Ополчения,113 литера А,1965,5,282630,3,51,244340,113000,59.8383128,30.2683735,,6827997,Europe/Moscow
Санкт-Петербург,Санкт-Петербург,проспект Народного Ополчения,117 литера А,1966,9,227520,2,56,192880,118000,59.8377017,30.2694614,,6827999,Europe/Moscow
Санкт-Петербург,Санкт-Петербург,проспект Народного Ополчения,119 литера А,1965,5,371140,4,72,317213,113000,59.8375299,30.2685467,,6828002,Europe/Moscow
Санкт-Петербург,Санкт-Петербург,проспект Народного Ополчения,121 литера А,1965,5,370520,4,71,317750,113000,59.8372741,30.2680623,,6828004,Europe/Moscow
Санкт-Петербург,Санкт-Петербург,проспект Народного Ополчения,123 литера А,1965,5,368120,4,70,319230,113000,59.8370173,30.2675930,,6828005,Europe/Moscow
Санкт-Петербург,Санкт-Петербург,проспект Народного Ополчения,125 литера А,1965,5,371140,4,70,318030,113000,59.8367624,30.2671234,,6828007,Europe/Moscow
Санкт-Петербург,Санкт-Петербург,проспект Народного Ополчения,127 литера А,1967,9,231080,2,56,193200,118000,59.8356584,30.2632614,,6828008,Europe/Moscow
Санкт-Петербург,Санкт-Петербург,проспект Народного Ополчения,129 литера А,1966,5,469590,5,100,420390,111200,59.8358506,30.2621860,,6548539,Europe/Moscow
Санкт-Петербург,Санкт-Петербург,проспект Народного Ополчения,131 литера А,1966,9,1234785,8,287,1068485,115000,59.8350185,30.2637032,,8959072,Europe/Moscow
Санкт-Петербург,Санкт-Петербург,Краснопутиловская улица,4 литера А,1946,6,846550,5,116,580878,118400,59.8754622,30.2602652,,6922543,Europe/Moscow
Санкт-Петербург,Санкт-Петербург,Краснопутиловская улица,5 литера А,1940,5,469940,2,36,167870,113400,,,,6922566,Europe/Moscow
Санкт-Петербург,Санкт-Петербург,Краснопутиловская улица,6 литера А,1959,5,402700,4,74,369750,111200,59.8756454,30.2616891,,9144984,Europe/Moscow
Санкт-Петербург,Санкт-Петербург,Краснопутиловская улица,8 литера А,1960,7,1121340,6,147,823329,116200,59.8746392,30.2617052,,6922573,Europe/Moscow
Санкт-Петербург,Санкт-Петербург,Краснопутиловская улица,9 литера А,1950,6,472660,3,70,323291,118400,59.8728481,30.2637335,,9163799,Europe/Moscow
Санкт-Петербург,Санкт-Петербург,Краснопутиловская улица,10 литера А,1957,5,611690,5,97,468450,111200,59.8741139,30.2629740,,9150365,Europe/Moscow
Санкт-Петербург,Санкт-Петербург,Краснопутиловская улица,11 литера А,1937,5,397780,2,39,269890,118400,59.8720619,30.2635199,,6963832,Europe/Moscow
Санкт-Петербург,Санкт-Петербург,Краснопутиловская улица,12 литера А,1957,8,1388730,7,214,1037743,118400,59.8733566,30.2644134,,9150367,Europe/Moscow
Санкт-Петербург,Санкт-Петербург,Краснопутиловская улица,13 литера А,1948,6,716190,4,77,535340,118400,59.8722373,30.2651199,,9144963,Europe/Moscow
Санкт-Петербург,Санкт-Петербург,Краснопутиловская улица,14/12 литера А,1957,5,939130,6,115,666948,113400,59.8727081,30.2656018,,9150374,Europe/Moscow
Санкт-Петербург,Санкт-Петербург,Краснопутиловская улица,15 литера А,1952,6,573750,4,91,435836,118400,59.8714735,30.2667032,,6922545,Europe/Moscow
Санкт-Петербург,Санкт-Петербург,Краснопутиловская улица,16/13 литера А,1959,5,734360,6,103,542993,111200,59.8723180,30.2670977,,6930908,Europe/Moscow
Санкт-Петербург,Санкт-Петербург,Краснопутиловская улица,18 литера А,1960,5,634380,5,83,480813,111200,59.8722107,30.2685571,,6922546,Europe/Moscow
Санкт-Петербург,Санкт-Петербург,Краснопутиловская улица,19 литера А,1941,5,528970,3,50,342083,118400,59.8704828,30.2668439,,6922547,Europe/Moscow
Санкт-Петербург,Санкт-Петербург,Краснопутиловская улица,20 литера А,1958,5,599540,4,79,442786,111200,59.8715250,30.2679952,,6922739,Europe/Moscow
Санкт-Петербург,Санкт-Петербург,Краснопутиловская улица,21 литера А,1940,6,644860,4,77,475352,118400,59.8707803,30.2681301,,6922548,Europe/Moscow
Санкт-Петербург,Санкт-Петербург,Краснопутиловская улица,23 литера А,1961,5,277420,3,58,240954,111200,59.8699083,30.2680753,,6922549,Europe/Moscow
Санкт-Петербург,Санкт-Петербург,Краснопутиловская улица,24 литера А,1958,5,632090,5,94,477849,111200,59.8715557,30.2711161,,6922550,Europe/Moscow
Санкт-Петербург,Санкт-Петербург,Краснопутиловская улица,25 литера А,1955,6,484070,4,75,392994,118400,59.8702834,30.2690707,,6922551,Europe/Moscow
Санкт-Петербург,Санкт-Петербург,Краснопутиловская улица,26 литера А,1958,5,603980,5,92,432874,111200,59.8707176,30.2696313,,6930910,Europe/Moscow
Санкт-Петербург,Санкт-Петербург,Краснопутиловская улица,27 литера А,1958,5,988440,7,129,708123,113400,59.8694117,30.2680100,,6922552,Europe/Moscow
Санкт-Петербург,Санкт-Петербург,Краснопутиловская улица,28/20 литера А,1959,5,749290,6,103,550869,111200,59.8702972,30.2714064,,6930911,Europe/Moscow
Санкт-Петербург,Санкт-Петербург,Краснопутиловская улица,29 литера А,1958,5,331430,3,53,264560,113400,59.8698530,30.2699644,,6922553,Europe/Moscow
Санкт-Петербург,Санкт-Петербург,Краснопутиловская улица,30 литера А,1962,6,461900,3,70,312497,113000,59.8692535,30.2726914,,6922740,Europe/Moscow
Санкт-Петербург,Санкт-Петербург,Краснопутиловская улица,31 литера А,1962,6,459110,3,70,311110,113000,59.8688819,30.2718081,,6922554,Europe/Moscow
Санкт-Петербург,Санкт-Петербург,Краснопутиловская улица,32 литера А,1961,6,154550,2,37,127770,113000,59.8689935,30.2737619,,6922555,Europe/Moscow
Санкт-Петербург,Санкт-Петербург,Краснопутиловская улица,33 литера А,1960,5,273770,3,50,241570,113000,59.8682910,30.2707404,,6922556,Europe/Moscow
Санкт-Петербург,Санкт-Петербург,Краснопутиловская улица,34 литера А,1962,6,464600,3,70,314974,113000,59.8684417,30.2743333,,6922741,Europe/Moscow
Санкт-Петербург,Санкт-Петербург,Краснопутиловская улица,35 литера А,1960,5,273680,3,51,241630,113000,59.8680631,30.2713711,,6922557,Europe/Moscow
Санкт-Петербург,Санкт-Петербург,Краснопутиловская улица,36 литера А,1961,6,151150,2,39,127320,113000,59.8681861,30.2753943,,6922558,Europe/Moscow
Санкт-Петербург,Санкт-Петербург,Краснопутиловская улица,37 литера А,1961,6,151200,2,39,127970,113000,59.8683794,30.2724274,,6922559,Europe/Moscow
Санкт-Петербург,Санкт-Петербург,Краснопутиловская улица,38 литера А,1962,6,461830,3,72,315445,113000,59.8676322,30.2759791,,6922742,Europe/Moscow
Санкт-Петербург,Санкт-Петербург,Краснопутиловская улица,39 литера А,1960,5,274790,3,50,243130,113000,59.8677629,30.2718524,,6922560,Europe/Moscow
Санкт-Петербург,Санкт-Петербург,Краснопутиловская улица,40 литера А,1961,6,153150,2,37,128050,113000,59.8674310,30.2769526,,6922561,Europe/Moscow
Санкт-Петербург,Санкт-Петербург,Краснопутиловская улица,42 литера А,1960,5,282040,3,55,244990,113000,59.8671424,30.2778222,,6922562,Europe/Moscow
Санкт-Петербург,Санкт-Петербург,Краснопутиловская улица,43 литера А,1960,5,275110,3,50,242760,113000,59.8675160,30.2724681,,6922563,Europe/Moscow
Санкт-Петербург,Санкт-Петербург,Краснопутиловская улица,45 литера А,1962,6,462920,3,70,316005,113000,59.8680728,30.2734595,,6922565,Europe/Moscow
Санкт-Петербург,Санкт-Петербург,Краснопутиловская улица,47 литера А,1960,5,275430,3,51,243390,113000,59.8672226,30.2729533,,6922743,Europe/Moscow
Санкт-Петербург,Санкт-Петербург,Краснопутиловская улица,51 литера А,1961,6,153390,2,37,128760,113000,59.8675152,30.2741014,,6922567,Europe/Moscow
Санкт-Петербург,Санкт-Петербург,Краснопутиловская улица,52 литера А,1961,5,381600,5,81,351200,113000,59.8575275,30.2963502,,6959118,Europe/Moscow
Санкт-Петербург,Санкт-Петербург,Краснопутиловская улица,53 литера А,1960,5,281120,3,50,242240,113000,59.8669740,30.2735696,,6922568,Europe/Moscow
Санкт-Петербург,Санкт-Петербург,Краснопутиловская улица,54 литера А,1961,5,456500,6,102,419224,113000,59.8584550,30.2964993,,6959119,Europe/Moscow
Санкт-Петербург,Санкт-Петербург,Краснопутиловская улица,55 литера А,1962,6,463800,3,70,314990,113000,59.8672493,30.2751122,,6922569,Europe/Moscow
Санкт-Петербург,Санкт-Петербург,Краснопутиловская улица,57 литера А,1960,5,275720,3,52,243520,113000,59.8666778,30.2740583,,6922570,Europe/Moscow
Санкт-Петербург,Санкт-Петербург,Краснопутиловская улица,58 литера А,1961,5,378000,5,84,348390,113000,59.8578868,30.2973853,,6959121,Europe/Moscow
Санкт-Петербург,Санкт-Петербург,Краснопутиловская улица,59 литера А,1961,6,151200,2,37,128770,113000,59.8667511,30.2756219,,6922571,Europe/Moscow
Санкт-Петербург,Санкт-Петербург,Краснопутиловская улица,61 литера А,1960,5,277650,3,51,240690,113000,59.8663483,30.2761818,,6922572,Europe/Moscow
Санкт-Петербург,Санкт-Петербург,Краснопутиловская улица,62 литера А,1962,5,383000,5,81,352840,113000,59.8565823,30.2980821,,6959123,Europe/Moscow
Санкт-Петербург,Санкт-Петербург,Краснопутиловская улица,64 литера А,1961,5,457100,6,102,419500,113000,59.8574924,30.2982092,,6959124,Europe/Moscow
Санкт-Петербург,Санкт-Петербург,Краснопутиловская улица,68 литера А,1961,5,376900,5,87,336332,113000,59.8569452,30.2990831,,6959126,Europe/Moscow
Санкт-Петербург,Санкт-Петербург,Краснопутиловская улица,71 литера А,1960,9,220400,2,58,187670,118000,59.8570615,30.2944180,,6959128,Europe/Moscow
Санкт-Петербург,Санкт-Петербург,Краснопутиловская улица,72 литера А,1960,5,381700,5,81,351500,113000,59.8556294,30.2998995,,6959129,Europe/Moscow
Санкт-Петербург,Санкт-Петербург,Краснопутиловская улица,73 литера А,1963,5,345700,4,70,309600,113000,59.8565683,30.2953574,,6959132,Europe/Moscow
Санкт-Петербург,Санкт-Петербург,Краснопутиловская улица,74 литера А,1961,5,455900,6,102,417730,113000,59.8565561,30.2999473,,6959134,Europe/Moscow
Санкт-Петербург,Санкт-Петербург,Краснопутиловская улица,75 литера А,1963,5,349100,4,71,312439,113000,59.8557440,30.2959635,,6959137,Europe/Moscow
Санкт-Петербург,Санкт-Петербург,бульвар Новаторов,1 литера А,1961,5,357860,4,69,308190,113000,59.8535699,30.2671363,,6931224,Europe/Moscow
Санкт-Петербург,Санкт-Петербург,бульвар Новаторов,2 литера А,1962,5,361520,4,71,316670,113000,59.8534535,30.2695705,,6828163,Europe/Moscow
Санкт-Петербург,Санкт-Петербург,бульвар Новаторов,3 литера А,1961,5,258290,3,51,227740,113000,59.8534279,30.2659330,,6931223,Europe/Moscow
Санкт-Петербург,Санкт-Петербург,бульвар Новаторов,4 литера А,1963,5,278540,3,50,246480,113000,59.8531089,30.2703721,,6828181,Europe/Moscow
Санкт-Петербург,Санкт-Петербург,бульвар Новаторов,5 литера А,1964,9,193200,2,54,192370,117000,59.8532805,30.2650330,,8962449,Europe/Moscow
Санкт-Петербург,Санкт-Петербург,бульвар Новаторов,10 литера А,1963,5,366230,4,63,265070,113000,59.8494792,30.2694693,,9144999,Europe/Moscow
Санкт-Петербург,Санкт-Петербург,бульвар Новаторов,11 литера А,2001,10,1238370,2,73,792480,115600,59.8505926,30.2672967,,8948315,Europe/Moscow
Санкт-Петербург,Санкт-Петербург,бульвар Новаторов,13 литера А,1962,5,361580,3,57,257060,113000,59.8496044,30.2671799,,6828155,Europe/Moscow
Санкт-Петербург,Санкт-Петербург,бульвар Новаторов,14 литера А,1963,5,357330,4,69,308280,113000,59.8490652,30.2705790,,6828156,Europe/Moscow
Санкт-Петербург,Санкт-Петербург,бульвар Новаторов,17 литера А,1962,5,285040,3,49,214400,113000,59.8488226,30.2673473,,6828157,Europe/Moscow
Санкт-Петербург,Санкт-Петербург,бульвар Новаторов,18 литера А,1963,5,361370,4,70,316420,113000,59.8496944,30.2731464,,6828161,Europe/Moscow
Санкт-Петербург,Санкт-Петербург,бульвар Новаторов,19 литера А,1962,5,365870,4,70,315620,113000,59.8491927,30.2645176,,6828162,Europe/Moscow
Санкт-Петербург,Санкт-Петербург,бульвар Новаторов,20 литера А,1964,5,355510,4,70,314820,113000,59.8489195,30.2733078,,6828164,Europe/Moscow
Санкт-Петербург,Санкт-Петербург,бульвар Новаторов,21 корп. 2 литера А,1993,8,610930,3,96,528710,117400,59.8485178,30.2628962,,6828166,Europe/Moscow
Санкт-Петербург,Санкт-Петербург,бульвар Новаторов,21 корп. 3 литера А,1993,5,369480,3,60,322050,112400,59.8481801,30.2621417,,9150299,Europe/Moscow
Санкт-Петербург,Санкт-Петербург,бульвар Новаторов,21 корп. 4 литера А,1993,5,537220,4,80,473770,112400,59.8487617,30.2618334,,9150297,Europe/Moscow
Санкт-Петербург,Санкт-Петербург,бульвар Новаторов,21 литера А,1962,8,196430,2,52,165100,118000,59.8490949,30.2630965,,6828165,Europe/Moscow
Санкт-Петербург,Санкт-Петербург,бульвар Новаторов,22 литера А,1969,12,511900,2,96,414250,115000,59.8487563,30.2719304,,9144982,Europe/Moscow
Санкт-Петербург,Санкт-Петербург,бульвар Новаторов,23 литера А,1962,5,368600,6,108,313034,113000,59.8488427,30.2650602,,6828167,Europe/Moscow
Санкт-Петербург,Санкт-Петербург,бульвар Новаторов,24 литера А,1963,5,363310,4,70,318650,113000,59.8485587,30.2732938,,6828168,Europe/Moscow
Санкт-Петербург,Санкт-Петербург,бульвар Новаторов,25 литера А,1962,5,365780,4,71,315560,113000,59.8484741,30.2656188,,6828169,Europe/Moscow
Санкт-Петербург,Санкт-Петербург,бульвар Новаторов,26 литера А,1963,5,362830,4,70,317870,113000,59.8481980,30.2733055,,6828170,Europe/Moscow
Санкт-Петербург,Санкт-Петербург,бульвар Новаторов,27 литера А,1962,9,223490,2,55,192610,118000,59.8486407,30.2639079,,9150330,Europe/Moscow
Санкт-Петербург,Санкт-Петербург,бульвар Новаторов,28 литера А,1968,12,508630,2,86,416190,116200,59.8480494,30.2718908,,6828171,Europe/Moscow
Санкт-Петербург,Санкт-Петербург,бульвар Новаторов,29 литера А,1962,8,196230,2,49,164010,118000,59.8483034,30.2671884,,6828172,Europe/Moscow
Санкт-Петербург,Санкт-Петербург,бульвар Новаторов,30 литера А,1963,5,359080,4,71,313880,113000,59.8478229,30.2733030,,6828173,Europe/Moscow
Санкт-Петербург,Санкт-Петербург,бульвар Новаторов,31 литера А,1962,5,358030,4,71,314623,113000,59.8481234,30.2661761,,6828174,Europe/Moscow
Санкт-Петербург,Санкт-Петербург,бульвар Новаторов,33 литера А,1964,9,222330,2,56,191800,118000,59.8482113,30.2643882,,9150332,Europe/Moscow
Санкт-Петербург,Санкт-Петербург,бульвар Новаторов,34 литера А,1963,5,363400,4,70,317640,113000,59.8474537,30.2733034,,6828175,Europe/Moscow
Санкт-Петербург,Санкт-Петербург,бульвар Новаторов,35 литера А,1964,9,222150,2,55,191650,118000,59.8478535,30.2648533,,9150322,Europe/Moscow
Санкт-Петербург,Санкт-Петербург,бульвар Новаторов,36 литера А,1969,12,454900,2,84,415860,115000,59.8473470,30.2719170,,9144983,Europe/Moscow
Санкт-Петербург,Санкт-Петербург,бульвар Новаторов,37 литера А,1964,5,362980,4,71,317430,113000,59.8476342,30.2661604,,6828178,Europe/Moscow
Санкт-Петербург,Санкт-Петербург,бульвар Новаторов,38 литера А,1963,5,372150,4,70,318320,113000,59.8470884,30.2733040,,6828179,Europe/Moscow
Санкт-Петербург,Санкт-Петербург,бульвар Новаторов,39 литера А,1963,8,197600,2,49,167330,118000,59.8474359,30.2671706,,6828180,Europe/Moscow
Санкт-Петербург,Санкт-Петербург,бульвар Новаторов,41 литера А,1962,5,280020,3,50,239250,113000,59.8470058,30.2673826,,6828182,Europe/Moscow
Санкт-Петербург,Санкт-Петербург,бульвар Новаторов,44 литера А,1963,5,284650,3,50,244240,113000,59.8467469,30.2717609,,6828183,Europe/Moscow
Санкт-Петербург,Санкт-Петербург,бульвар Новаторов,45 литера А,1962,5,370000,4,70,312322,113000,59.8465938,30.2663054,,6828184,Europe/Moscow
Санкт-Петербург,Санкт-Петербург,бульвар Новаторов,46 литера А,1964,5,365850,4,71,320750,113000,59.8452783,30.2691553,,6828185,Europe/Moscow
Санкт-Петербург,Санкт-Петербург,бульвар Новаторов,47 литера А,1964,5,363220,4,70,318220,113000,59.8461750,30.2662441,,6828186,Europe/Moscow
Санкт-Петербург,Санкт-Петербург,бульвар Новаторов,48 литера А,1963,5,362340,4,70,317240,113000,59.8445191,30.2689621,,6828187,Europe/Moscow
Санкт-Петербург,Санкт-Петербург,бульвар Новаторов,49 литера А,1964,5,364330,4,71,318760,113000,59.8457956,30.2659622,,6828188,Europe/Moscow
Санкт-Петербург,Санкт-Петербург,бульвар Новаторов,50 литера А,1964,5,275830,3,50,245430,113000,59.8441167,30.2702793,,6828189,Europe/Moscow
Санкт-Петербург,Санкт-Петербург,бульвар Новаторов,51 литера А,1963,5,354450,4,70,313840,113000,59.8454210,30.2656030,,6828190,Europe/Moscow
Санкт-Петербург,Санкт-Петербург,бульвар Новаторов,52 литера А,1963,5,362830,4,71,317510,113000,59.8442337,30.2684472,,6828191,Europe/Moscow
Санкт-Петербург,Санкт-Петербург,бульвар Новаторов,54 литера А,1964,5,280370,3,50,245700,113000,59.8438294,30.2697495,,6828192,Europe/Moscow
Санкт-Петербург,Санкт-Петербург,бульвар Новаторов,55 литера А,1962,5,370340,4,70,315930,113000,59.8450897,30.2651607,,6828193,Europe/Moscow
Санкт-Петербург,Санкт-Петербург,бульвар Новаторов,56 литера А,1964,5,358570,4,71,317880,113000,59.8439434,30.2679096,,6828194,Europe/Moscow
Санкт-Петербург,Санкт-Петербург,бульвар Новаторов,57 корп. 1 литера А,2002,10,1257250,5,191,1026040,117400,59.8446648,30.2647900,,8953231,Europe/Moscow
Санкт-Петербург,Санкт-Петербург,бульвар Новаторов,58 литера А,1964,5,274470,3,50,244620,113000,59.8435405,30.2692153,,6828195,Europe/Moscow
Санкт-Петербург,Санкт-Петербург,бульвар Новаторов,59 литера А,1965,5,363610,4,70,318770,113000,59.8434001,30.2620040,,6828196,Europe/Moscow
Санкт-Петербург,Санкт-Петербург,бульвар Новаторов,60 литера А,1963,5,364230,4,70,316640,113000,59.8436545,30.2673848,,6828197,Europe/Moscow
Санкт-Петербург,Санкт-Петербург,бульвар Новаторов,61 литера А,1965,5,362980,4,72,318080,113000,59.8436406,30.2614713,,6828198,Europe/Moscow
Санкт-Петербург,Санкт-Петербург,бульвар Новаторов,62 литера А,1964,5,274620,3,50,242834,113000,59.8432530,30.2686970,,6828199,Europe/Moscow
Санкт-Петербург,Санкт-Петербург,бульвар Новаторов,63 литера А,1965,5,359240,4,70,318790,113000,59.8438750,30.2610012,,6828200,Europe/Moscow
Санкт-Петербург,Санкт-Петербург,бульвар Новаторов,64 литера А,1965,9,224660,2,55,192140,118000,59.8435806,30.2661761,,6828201,Europe/Moscow
Санкт-Петербург,Санкт-Петербург,улица Лёни Голикова,2 литера А,1983,14,1121670,5,237,791650,115600,59.8478888,30.2294727,,6756066,Europe/Moscow
Санкт-Петербург,Санкт-Петербург,улица Лёни Голикова,5 литера А,1967,5,355630,4,70,319330,113000,59.8467469,30.2275906,,6756108,Europe/Moscow
Санкт-Петербург,Санкт-Петербург,улица Лёни Голикова,6 корп. 1 литера А,1999,10,525440,2,75,446860,117400,59.8471631,30.2300498,,9026953,Europe/Moscow
Санкт-Петербург,Санкт-Петербург,улица Лёни Голикова,7 литера А,1969,9,1302390,7,239,1127794,115000,59.8466010,30.2294124,,9145000,Europe/Moscow
Санкт-Петербург,Санкт-Петербург,улица Лёни Голикова,8 литера А,1966,5,273630,3,50,243816,113000,59.8470546,30.2319043,,6756117,Europe/Moscow
Санкт-Петербург,Санкт-Петербург,улица Лёни Голикова,9 литера А,1967,5,382260,4,72,318939,113000,59.8464259,30.2279478,,6922580,Europe/Moscow
Санкт-Петербург,Санкт-Петербург,улица Лёни Голикова,10 литера А,1966,5,372900,4,70,319239,113000,59.8460432,30.2312947,,6756040,Europe/Moscow
Санкт-Петербург,Санкт-Петербург,улица Лёни Голикова,11 литера А,1967,5,354180,4,71,318076,113000,59.8461157,30.2283443,,6756046,Europe/Moscow
Санкт-Петербург,Санкт-Петербург,улица Лёни Голикова,12 литера А,1966,5,281520,3,50,244920,113000,59.8464111,30.2317577,,6756052,Europe/Moscow
Санкт-Петербург,Санкт-Петербург,улица Лёни Голикова,13 литера А,1967,5,354500,4,70,318400,113000,59.8458037,30.2286934,,6756054,Europe/Moscow
Санкт-Петербург,Санкт-Петербург,улица Лёни Голикова,14 литера А,1966,9,229360,2,56,192080,118000,59.8468678,30.2327222,,6756055,Europe/Moscow
Санкт-Петербург,Санкт-Петербург,улица Лёни Голикова,15 корп. 3 литера А,1970,9,232380,2,48,197020,116200,59.8442721,30.2239989,,6756057,Europe/Moscow
Санкт-Петербург,Санкт-Петербург,улица Лёни Голикова,15 корп. 4 литера А,1969,9,237000,2,45,201680,116200,59.8436574,30.2231740,,6756059,Europe/Moscow
Санкт-Петербург,Санкт-Петербург,улица Лёни Голикова,15 корп. 5 литера А,2013,18,737280,2,118,579400,117400,59.8438508,30.2240823,,8932192,Europe/Moscow
Санкт-Петербург,Санкт-Петербург,улица Лёни Голикова,15 литера А,1970,9,237040,2,45,198580,116200,59.8453041,30.2276347,,6756056,Europe/Moscow
Санкт-Петербург,Санкт-Петербург,улица Лёни Голикова,16 литера А,1966,9,226890,2,57,193930,118000,59.8462454,30.2326390,,6756060,Europe/Moscow
Санкт-Петербург,Санкт-Петербург,улица Лёни Голикова,17 литера А,1967,5,357470,4,70,317249,113000,59.8447580,30.2277990,,6756062,Europe/Moscow
Санкт-Петербург,Санкт-Петербург,улица Лёни Голикова,18 литера А,1966,9,223220,2,54,191158,118000,59.8457808,30.2321972,,6756063,Europe/Moscow
Санкт-Петербург,Санкт-Петербург,улица Лёни Голикова,19 литера А,1967,5,278090,3,52,245880,113000,59.8457401,30.2301083,,6756065,Europe/Moscow
Санкт-Петербург,Санкт-Петербург,улица Лёни Голикова,20 литера А,1966,9,228700,2,55,192270,118000,59.8462840,30.2347666,,6756068,Europe/Moscow
Санкт-Петербург,Санкт-Петербург,улица Лёни Голикова,21 литера А,1967,5,357330,4,71,317230,113000,59.8450222,30.2295979,,6756070,Europe/Moscow
Санкт-Петербург,Санкт-Петербург,улица Лёни Голикова,22 литера А,1966,5,357980,4,70,317620,113000,59.8457456,30.2339879,,6756071,Europe/Moscow
Санкт-Петербург,Санкт-Петербург,улица Лёни Голикова,23 корп. 3 литера А,1967,5,362830,4,73,318100,113000,59.8439281,30.2273734,,6756079,Europe/Moscow
Санкт-Петербург,Санкт-Петербург,улица Лёни Голикова,23 корп. 4 литера А,1967,5,363730,4,71,316835,113000,59.8437453,30.2267798,,6756076,Europe/Moscow
Санкт-Петербург,Санкт-Петербург,улица Лёни Голикова,23 корп. 5 литера А,1967,5,366330,4,70,314067,113000,59.8435705,30.2261877,,6756080,Europe/Moscow
Санкт-Петербург,Санкт-Петербург,улица Лёни Голикова,23 корп. 7 литера А,1969,9,230210,2,48,195420,116200,59.8429416,30.2233012,,6756082,Europe/Moscow
Санкт-Петербург,Санкт-Петербург,улица Лёни Голикова,23 литера А,1967,5,360130,4,71,314149,113000,59.8447120,30.2299829,,6756073,Europe/Moscow
Санкт-Петербург,Санкт-Петербург,улица Лёни Голикова,23 корп. 8 литера А,2016,18,707990,2,120,550440,117400,59.8436902,30.2254764,,9320504,Europe/Moscow
Санкт-Петербург,Санкт-Петербург,улица Лёни Голикова,23 корп. 9 литера А,2016,16,672760,2,114,529440,117400,59.8432644,30.2259869,,9320505,Europe/Moscow
Санкт-Петербург,Санкт-Петербург,улица Лёни Голикова,24 литера А,1966,5,275140,3,50,244731,113000,59.8449247,30.2334120,,6756083,Europe/Moscow
Санкт-Петербург,Санкт-Петербург,улица Лёни Голикова,25 литера А,1968,9,1276730,7,236,1116984,116200,59.8449372,30.2314039,,6756084,Europe/Moscow
Санкт-Петербург,Санкт-Петербург,улица Лёни Голикова,26 литера А,1967,5,279440,3,50,243790,113000,59.8447512,30.2328263,,6756086,Europe/Moscow
Санкт-Петербург,Санкт-Петербург,улица Лёни Голикова,27 корп. 5 литера А,1967,5,360350,4,70,316100,113000,59.8425242,30.2252050,,6756087,Europe/Moscow
Санкт-Петербург,Санкт-Петербург,улица Лёни Голикова,27 корп. 6 литера А,1969,9,238580,2,46,197550,116200,59.8423865,30.2239388,,6917064,Europe/Moscow
Санкт-Петербург,Санкт-Петербург,улица Лёни Голикова,28 литера А,1966,5,284920,3,51,244424,113000,59.8458431,30.2359685,,6756089,Europe/Moscow
Санкт-Петербург,Санкт-Петербург,улица Лёни Голикова,30 литера А,1966,5,277370,3,51,243310,113000,59.8442452,30.2339402,,6756090,Europe/Moscow
Санкт-Петербург,Санкт-Петербург,улица Лёни Голикова,31 корп. 3 литера А,1973,14,576600,2,97,461308,115000,59.8409059,30.2281386,,9144996,Europe/Moscow
Санкт-Петербург,Санкт-Петербург,улица Лёни Голикова,31 литера А,1968,9,1558110,8,257,1136037,116200,59.8418642,30.2295626,,6756091,Europe/Moscow
Санкт-Петербург,Санкт-Петербург,улица Лёни Голикова,33 литера А,1967,5,363430,4,70,318540,113000,59.8424038,30.2321736,,6756092,Europe/Moscow
Санкт-Петербург,Санкт-Петербург,улица Лёни Голикова,34 литера А,1966,5,284540,3,51,243868,113000,59.8452077,30.2362878,,6756093,Europe/Moscow
Санкт-Петербург,Санкт-Петербург,улица Лёни Голикова,35 литера А,1993,10,1679220,6,233,1132220,115600,59.8426747,30.2339682,,6756094,Europe/Moscow
Санкт-Петербург,Санкт-Петербург,улица Лёни Голикова,36 литера А,1967,5,376760,4,71,336485,113000,59.8434086,30.2343962,,6756095,Europe/Moscow
Санкт-Петербург,Санкт-Петербург,улица Лёни Голикова,37 корп. 2 литера А,1967,5,364157,4,71,319434,113000,59.8415604,30.2313636,,6756097,Europe/Moscow
Санкт-Петербург,Санкт-Петербург,улица Лёни Голикова,37 корп. 4 литера А,1967,5,279400,3,50,244740,113000,59.8410798,30.2292046,,6756098,Europe/Moscow
Санкт-Петербург,Санкт-Петербург,улица Лёни Голикова,37 литера А,1967,5,363840,4,70,318731,113000,59.8421236,30.2325692,,6756096,Europe/Moscow
Санкт-Петербург,Санкт-Петербург,улица Лёни Голикова,38 литера А,1966,5,274520,3,50,244154,113000,59.8445514,30.2366085,,6756099,Europe/Moscow
Санкт-Петербург,Санкт-Петербург,улица Лёни Голикова,39 литера А,1967,5,363760,4,70,318439,113000,59.8418416,30.2329754,,6756100,Europe/Moscow
Санкт-Петербург,Санкт-Петербург,улица Лёни Голикова,40 литера А,1966,5,363360,4,70,315879,113000,59.8427065,30.2357672,,6756101,Europe/Moscow
Санкт-Петербург,Санкт-Петербург,улица Лёни Голикова,42 литера А,1966,5,358310,4,72,317650,113000,59.8431512,30.2360971,,6756102,Europe/Moscow
Санкт-Петербург,Санкт-Петербург,улица Лёни Голикова,43 литера А,1967,5,362740,4,73,317599,113000,59.8415490,30.2333340,,6756103,Europe/Moscow
Санкт-Петербург,Санкт-Петербург,улица Лёни Голикова,44 литера А,1966,5,357910,4,70,317250,113000,59.8435517,30.2364725,,6756104,Europe/Moscow
Санкт-Петербург,Санкт-Петербург,улица Лёни Голикова,46 литера А,1966,5,274190,3,51,244003,113000,59.8438635,30.2369603,,6919619,Europe/Moscow
Санкт-Петербург,Санкт-Петербург,улица Лёни Голикова,48 литера А,1966,9,226020,2,54,192210,118000,59.8436672,30.2377951,,6756106,Europe/Moscow
Санкт-Петербург,Санкт-Петербург,улица Лёни Голикова,49 литера А,1967,5,366960,4,71,316178,113000,59.8405353,30.2349219,,6756107,Europe/Moscow
Санкт-Петербург,Санкт-Петербург,улица Лёни Голикова,50 литера А,1968,9,1280110,7,236,1096850,116200,59.8418387,30.2363543,,6756109,Europe/Moscow
Санкт-Петербург,Санкт-Петербург,улица Савушкина,1/2 литера А,1957,5,839350,4,73,415249,111200,59.9872268,30.3009041,,7696472,Europe/Moscow
Санкт-Петербург,Санкт-Петербург,улица Савушкина,3 литера А,1957,5,432310,3,50,296230,113400,59.9867621,30.2992481,,7696496,Europe/Moscow
Санкт-Петербург,Санкт-Петербург,улица Савушкина,9 литера А,1957,5,591790,4,67,410791,113400,59.9862958,30.2967091,,7696542,Europe/Moscow
Санкт-Петербург,Санкт-Петербург,улица Савушкина,11 литера А,1955,4,316040,3,38,218740,113400,59.9861872,30.2949551,,7696473,Europe/Moscow
Санкт-Петербург,Санкт-Петербург,улица Савушкина,12 литера А,1956,5,745280,5,87,510310,113400,59.9854184,30.2969791,,7696474,Europe/Moscow
Санкт-Петербург,Санкт-Петербург,улица Савушкина,13 литера А,1959,4,737590,6,87,541310,113400,59.9859920,30.2939190,,7696475,Europe/Moscow
Санкт-Петербург,Санкт-Петербург,улица Савушкина,14 литера А,1954,4,258330,2,28,173140,113400,59.9856585,30.2954334,,7696476,Europe/Moscow
Санкт-Петербург,Санкт-Петербург,улица Савушкина,15 литера А,1956,4,1146960,10,159,905040,113400,59.9860377,30.2906365,,7696477,Europe/Moscow
Санкт-Петербург,Санкт-Петербург,улица Савушкина,16 литера А,1955,5,601350,4,79,417390,113400,59.9855717,30.2941735,,7696478,Europe/Moscow
Санкт-Петербург,Санкт-Петербург,улица Савушкина,17 литера А,1954,5,694240,5,83,511779,113400,59.9856900,30.2897741,,7696479,Europe/Moscow
Санкт-Петербург,Санкт-Петербург,улица Савушкина,18 литера А,1957,5,283290,2,30,180900,113400,59.9850448,30.2934761,,7696480,Europe/Moscow
Санкт-Петербург,Санкт-Петербург,улица Савушкина,19 литера А,1959,4,298410,3,33,191410,113400,59.9856720,30.2874914,,7696481,Europe/Moscow
Санкт-Петербург,Санкт-Петербург,улица Савушкина,20 литера А,1956,5,266310,2,28,174304,113400,59.9854729,30.2929356,,7696482,Europe/Moscow
Санкт-Петербург,Санкт-Петербург,улица Савушкина,22 литера А,1956,4,221410,3,33,200110,113400,59.9848602,30.2924927,,7696483,Europe/Moscow
Санкт-Петербург,Санкт-Петербург,улица Савушкина,23 литера А,1948,2,66100,2,9,61874,113400,59.9853250,30.2844923,,7696484,Europe/Moscow
Санкт-Петербург,Санкт-Петербург,улица Савушкина,24 литера А,1954,5,890870,6,101,668059,113400,59.9852397,30.2904021,,7696485,Europe/Moscow
Санкт-Петербург,Санкт-Петербург,улица Савушкина,25 литера А,1948,3,118160,2,15,74990,113400,59.9852149,30.2835463,,7696487,Europe/Moscow
Санкт-Петербург,Санкт-Петербург,улица Савушкина,29 литера Б,1958,2,68290,2,9,64330,113400,59.9854065,30.2818084,,7696494,Europe/Moscow
Санкт-Петербург,Санкт-Петербург,улица Савушкина,30 литера А,1952,5,176600,2,29,138480,113400,59.9850241,30.2888030,,7696497,Europe/Moscow
Санкт-Петербург,Санкт-Петербург,улица Савушкина,31 литера А,1948,3,100200,2,18,65210,113400,59.9850049,30.2810630,,7696498,Europe/Moscow
Санкт-Петербург,Санкт-Петербург,улица Савушкина,32 литера А,1953,4,127910,1,16,100730,113400,59.9851469,30.2883361,,7696499,Europe/Moscow
Санкт-Петербург,Санкт-Петербург,улица Савушкина,33 литера А,1948,2,65520,2,9,61500,113400,59.9852088,30.2800108,,7696500,Europe/Moscow
Санкт-Петербург,Санкт-Петербург,улица Савушкина,36 литера А,2004,14,2342900,4,202,1753336,115600,59.9847887,30.2861583,,8931045,Europe/Moscow
Санкт-Петербург,Санкт-Петербург,улица Савушкина,37 литера А,1916,4,318960,2,26,225339,115000,59.9849454,30.2786939,,7696514,Europe/Moscow
Санкт-Петербург,Санкт-Петербург,улица Савушкина,39/7 литера А,1950,2,67490,2,9,62490,113400,59.9847658,30.2780840,,7696545,Europe/Moscow
Санкт-Петербург,Санкт-Петербург,улица Савушкина,41 литера А,1950,2,67120,2,11,63130,113400,59.9847035,30.2773892,,7696515,Europe/Moscow
Санкт-Петербург,Санкт-Петербург,улица Савушкина,42 литера В,1951,4,141430,2,17,98700,113400,59.9848124,30.2837422,,7696516,Europe/Moscow
Санкт-Петербург,Санкт-Петербург,улица Савушкина,"43, строение 1",2018,5,576640,3,41,289430,120000,59.9847691,30.2766424,,9372936,Europe/Moscow
Санкт-Петербург,Санкт-Петербург,улица Савушкина,44 литера А,1951,3,127240,2,17,105420,113400,59.9845699,30.2829607,,7696518,Europe/Moscow
Санкт-Петербург,Санкт-Петербург,улица Савушкина,45 литера А,1949,3,84240,2,16,75640,113400,59.9845472,30.2758752,,7696519,Europe/Moscow
Санкт-Петербург,Санкт-Петербург,улица Савушкина,46 литера А,1950,3,139250,2,17,117250,113400,59.9845418,30.2819080,,7696520,Europe/Moscow
Санкт-Петербург,Санкт-Петербург,улица Савушкина,47 литера А,1949,2,145980,4,29,100815,113400,59.9845746,30.2750511,,7696521,Europe/Moscow
Санкт-Петербург,Санкт-Петербург,улица Савушкина,48 литера А,1943,3,99830,1,12,72110,113400,59.9845863,30.2811032,,7696522,Europe/Moscow
Санкт-Петербург,Санкт-Петербург,улица Савушкина,51 литера А,1949,2,107430,2,14,94672,113400,59.9844786,30.2734849,,7696523,Europe/Moscow
Санкт-Петербург,Санкт-Петербург,улица Савушкина,52 литера А,1958,3,90950,1,12,66480,113400,59.9845012,30.2801924,,7696524,Europe/Moscow
Санкт-Петербург,Санкт-Петербург,улица Савушкина,53 литера А,1948,3,90650,2,18,75550,113400,59.9842768,30.2727498,,7696525,Europe/Moscow
Санкт-Петербург,Санкт-Петербург,улица Савушкина,54 литера Б,1953,4,209700,2,26,178150,113400,59.9842963,30.2794726,,7696526,Europe/Moscow
Санкт-Петербург,Санкт-Петербург,улица Савушкина,56 литера А,1953,4,217940,2,31,182101,113400,59.9842337,30.2781797,,7696527,Europe/Moscow
Санкт-Петербург,Санкт-Петербург,улица Савушкина,57 литера А,1949,2,80450,1,8,60360,113400,59.9841471,30.2713212,,9156263,Europe/Moscow
Санкт-Петербург,Санкт-Петербург,улица Савушкина,58 литера А,1952,3,154900,2,24,134630,113400,59.9841629,30.2775620,,7696529,Europe/Moscow
Санкт-Петербург,Санкт-Петербург,улица Савушкина,59 литера А,1949,2,71250,2,14,68950,113400,59.9841443,30.2704693,,7696530,Europe/Moscow
Санкт-Петербург,Санкт-Петербург,улица Савушкина,60 литера А,1958,4,226800,1,14,96350,113400,59.9842121,30.2767882,,7696531,Europe/Moscow
Санкт-Петербург,Санкт-Петербург,улица Савушкина,62 литера А,1953,4,133110,2,19,103800,113400,59.9841336,30.2759628,,7696533,Europe/Moscow
Санкт-Петербург,Санкт-Петербург,улица Савушкина,64 литера А,1954,3,164900,2,21,136630,113400,59.9839128,30.2753006,,7696534,Europe/Moscow
Санкт-Петербург,Санкт-Петербург,улица Савушкина,66 литера А,1951,3,125040,2,18,107130,113400,59.9838314,30.2736956,,7696535,Europe/Moscow
Санкт-Петербург,Санкт-Петербург,улица Савушкина,68 литера А,1951,3,92280,1,10,58081,113400,59.9838708,30.2729017,,7696536,Europe/Moscow
Санкт-Петербург,Санкт-Петербург,улица Савушкина,70 литера А,1951,3,93860,2,14,75850,113400,59.9835743,30.2725055,,7696537,Europe/Moscow
Санкт-Петербург,Санкт-Петербург,улица Савушкина,72 литера А,1951,3,88920,1,10,51900,113400,59.9837786,30.2719416,,7696538,Europe/Moscow
Санкт-Петербург,Санкт-Петербург,улица Савушкина,74 литера А,1951,2,122370,3,20,104770,113400,59.9835544,30.2712548,,7696539,Europe/Moscow
Санкт-Петербург,Санкт-Петербург,улица Савушкина,78 литера А,1952,3,97500,1,12,87460,113400,59.9834860,30.2689732,,7696540,Europe/Moscow
Санкт-Петербург,Санкт-Петербург,улица Савушкина,80 литера А,1951,3,124350,3,33,87130,113400,59.9834649,30.2683843,,7696541,Europe/Moscow
Санкт-Петербург,Санкт-Петербург,улица Савушкина,107 корп. 1 литера А,1991,9,2552540,11,382,2126250,117400,59.9854993,30.2397097,,6927696,Europe/Moscow
Санкт-Петербург,Санкт-Петербург,улица Савушкина,113 литера А,1990,12,643630,3,117,643630,117400,59.9859400,30.2364257,,9362758,Europe/Moscow
Санкт-Петербург,Санкт-Петербург,улица Савушкина,115 корп. 1 литера А,1990,9,1679680,8,264,1470220,117400,59.9854191,30.2333312,,6927583,Europe/Moscow
Санкт-Петербург,Санкт-Петербург,улица Савушкина,115 корп. 3 литера А,1990,17,2746240,7,430,2256870,117400,59.9866099,30.2353593,,6927586,Europe/Moscow
Санкт-Петербург,Санкт-Петербург,Садовая улица,7-9-11 литера А,1904,6,1078100,4,83,642499,120000,59.9356778,30.3352820,,9325085,Europe/Moscow
Санкт-Петербург,Санкт-Петербург,Садовая улица,8/7 литера Б,1918,3,147170,1,8,98170,113400,59.9371636,30.3374825,,8955065,Europe/Moscow
Санкт-Петербург,Санкт-Петербург,Садовая улица,14/52 литера А,1798,6,605900,1,13,78480,120000,59.9346694,30.3356613,,7364982,Europe/Moscow
Санкт-Петербург,Санкт-Петербург,Садовая улица,22/2 литера А,1825,4,1138303,3,44,274669,115000,59.9329248,30.3342458,,8725994,Europe/Moscow
Санкт-Петербург,Санкт-Петербург,Садовая улица,26 литера Б,1916,5,233900,2,21,177980,115000,59.9305604,30.3317581,,6929331,Europe/Moscow
Санкт-Петербург,Санкт-Петербург,Садовая улица,29 литера А,1798,5,267800,2,27,179440,120000,59.9293426,30.3220441,,6929324,Europe/Moscow
Санкт-Петербург,Санкт-Петербург,Садовая улица,29 литера Б,1858,6,121240,1,13,82620,115000,59.9293426,30.3220441,,8725995,Europe/Moscow
Санкт-Петербург,Санкт-Петербург,Садовая улица,29 литера В,1798,5,57700,1,8,37870,115000,59.9293426,30.3220441,,6929326,Europe/Moscow
Санкт-Петербург,Санкт-Петербург,Садовая улица,32/1 литера А,1903,7,1979600,10,262,1208970,120000,59.9288063,30.3241669,,6929777,Europe/Moscow
Санкт-Петербург,Санкт-Петербург,Садовая улица,42 литера А,1870,5,407083,4,62,18473,115000,59.9257213,30.3158870,,6548301,Europe/Moscow
Санкт-Петербург,Санкт-Петербург,Садовая улица,44 литера А,1855,4,464800,5,74,300002,115000,59.9983212,30.1349761,,6922447,Europe/Moscow
Санкт-Петербург,Санкт-Петербург,Садовая улица,46 литера А,1798,3,231770,2,23,143050,115000,59.9249900,30.3150833,,6922449,Europe/Moscow
Санкт-Петербург,Санкт-Петербург,Садовая улица,47 литера А,1798,5,409230,3,51,243070,115000,59.9252865,30.3137160,,6922450,Europe/Moscow
Санкт-Петербург,Санкт-Петербург,Садовая улица,48 литера А,1836,4,410890,3,37,237889,115000,59.9250347,30.3140492,,6710563,Europe/Moscow
Санкт-Петербург,Санкт-Петербург,Садовая улица,49 литера А,1756,5,613430,5,87,460345,115000,59.9247441,30.3124118,,6922451,Europe/Moscow
Санкт-Петербург,Санкт-Петербург,Садовая улица,51 литера А,1917,5,673730,3,54,345220,115000,59.9239874,30.3106294,,6922452,Europe/Moscow
Санкт-Петербург,Санкт-Петербург,Садовая улица,55-57 литера А,1905,5,1919996,1,6,39820,120000,59.9233045,30.3086638,,9066131,Europe/Moscow
Санкт-Петербург,Санкт-Петербург,Садовая улица,58 литера В,1806,4,301390,2,22,114500,115000,59.6994711,30.4592227,,6922453,Europe/Moscow
Санкт-Петербург,Санкт-Петербург,Садовая улица,59 литера А,1882,6,914120,6,143,637435,120000,59.9227619,30.3075722,,6922454,Europe/Moscow
Санкт-Петербург,Санкт-Петербург,Садовая улица,60 литера А,1802,5,1056880,5,85,526178,115000,59.9214383,30.3038696,,6922455,Europe/Moscow
Санкт-Петербург,Санкт-Петербург,Садовая улица,66 литера А,1882,4,406200,3,48,206900,115000,59.9201069,30.2977291,,6751338,Europe/Moscow
Санкт-Петербург,Санкт-Петербург,Садовая улица,67 литера А,1953,5,317920,3,51,243510,113400,59.9220503,30.3040946,,6548302,Europe/Moscow
Санкт-Петербург,Санкт-Петербург,Садовая улица,68 литера А,1828,4,357490,3,38,251327,115000,59.9197809,30.2970933,,6751339,Europe/Moscow
Санкт-Петербург,Санкт-Петербург,Садовая улица,69 литера А,1846,5,387060,3,45,285880,115000,59.9204673,30.2974175,,6751340,Europe/Moscow
Санкт-Петербург,Санкт-Петербург,Садовая улица,70 литера А,1798,5,241170,2,38,181338,120000,59.9196846,30.2959581,,8930807,Europe/Moscow
Санкт-Петербург,Санкт-Петербург,Садовая улица,71 литера А,1917,4,292310,3,35,162130,115000,59.9202659,30.2964947,,6751341,Europe/Moscow
Санкт-Петербург,Санкт-Петербург,Садовая улица,76 литера А,1870,3,65980,1,12,48660,115000,59.9193238,30.2941396,,6548303,Europe/Moscow
Санкт-Петербург,Санкт-Петербург,Садовая улица,77 литера А,1849,3,439870,4,45,281780,115000,59.9198632,30.2945261,,7115503,Europe/Moscow
Санкт-Петербург,Санкт-Петербург,Садовая улица,78 литера А,1917,4,189010,2,22,109800,115000,59.9192192,30.2936403,,6548304,Europe/Moscow
Санкт-Петербург,Санкт-Петербург,Садовая улица,80 литера А,1872,5,448940,3,44,275087,115000,59.9188063,30.2935170,,6751344,Europe/Moscow
Санкт-Петербург,Санкт-Петербург,Садовая улица,81 литера А,1879,6,198330,2,26,160950,120000,59.9196544,30.2931437,,6751345,Europe/Moscow
Санкт-Петербург,Санкт-Петербург,Садовая улица,82 литера А,1827,3,79200,1,8,49220,115000,59.9190273,30.2927804,,6548305,Europe/Moscow
Санкт-Петербург,Санкт-Петербург,Садовая улица,82 литера Б,1827,3,83900,1,9,57090,115000,59.9190273,30.2927804,,9062118,Europe/Moscow
Санкт-Петербург,Санкт-Петербург,Садовая улица,83 литера А,1863,6,151900,1,18,101240,120000,59.9194408,30.2927975,,6751346,Europe/Moscow
Санкт-Петербург,Санкт-Петербург,Садовая улица,83 литера Б,1863,6,125600,1,19,103620,120000,59.9194408,30.2927975,,9062119,Europe/Moscow
Санкт-Петербург,Санкт-Петербург,Садовая улица,84 литера А,1898,4,121350,2,22,85040,115000,59.9189058,30.2923805,,6751347,Europe/Moscow
Санкт-Петербург,Санкт-Петербург,Садовая улица,85 литера А,1874,4,106570,1,9,68290,115000,59.9193790,30.2924375,,6751348,Europe/Moscow
Санкт-Петербург,Санкт-Петербург,Садовая улица,86 литера А,1839,5,143860,2,22,124929,115000,59.9187804,30.2923036,,6751349,Europe/Moscow
Санкт-Петербург,Санкт-Петербург,Садовая улица,88 литера А,1865,6,276910,2,45,228250,115000,59.9186681,30.2917776,,8165518,Europe/Moscow
Санкт-Петербург,Санкт-Петербург,Садовая улица,89 литера А,1833,3,128400,2,22,84854,115000,59.9193213,30.2915388,,6751350,Europe/Moscow
Санкт-Петербург,Санкт-Петербург,Садовая улица,90 литера А,1879,5,211167,2,23,167047,115000,59.9182398,30.2919853,,9061881,Europe/Moscow
Санкт-Петербург,Санкт-Петербург,Садовая улица,91 литера А,1847,4,230940,2,22,145373,115000,59.9192514,30.2911574,,6751351,Europe/Moscow
Санкт-Петербург,Санкт-Петербург,Садовая улица,92 литера А,1900,5,269830,2,37,197660,115000,59.9181919,30.2913142,,6751352,Europe/Moscow
Санкт-Петербург,Санкт-Петербург,Садовая улица,94 литера А,1877,4,371610,2,30,187754,115000,59.9180795,30.2906417,,6751353,Europe/Moscow
Санкт-Петербург,Санкт-Петербург,Садовая улица,94 литера Ж,1877,4,102830,2,17,91480,115000,59.9180795,30.2906417,,9319800,Europe/Moscow
Санкт-Петербург,Санкт-Петербург,Садовая улица,95 литера А,1895,5,278630,3,51,202430,115000,59.9194434,30.2902092,,6751354,Europe/Moscow
Санкт-Петербург,Санкт-Петербург,Садовая улица,96 литера А,1835,5,138710,2,21,82066,115000,59.9180289,30.2903185,,6751355,Europe/Moscow
Санкт-Петербург,Санкт-Петербург,Садовая улица,97 литера А,1907,6,284790,2,38,216080,115000,59.9193621,30.2900375,,8957270,Europe/Moscow
Санкт-Петербург,Санкт-Петербург,Садовая улица,99 литера А,1837,4,159177,1,14,75450,115000,59.9194043,30.2895463,,6548307,Europe/Moscow
Санкт-Петербург,Санкт-Петербург,Садовая улица,99 литера Б,1837,4,149656,2,17,64244,115000,59.9194043,30.2895463,,9062122,Europe/Moscow
Санкт-Петербург,Санкт-Петербург,Садовая улица,101 литера А,1852,4,222810,2,24,145658,115000,,,,6751316,Europe/Moscow
Санкт-Петербург,Санкт-Петербург,Садовая улица,102 литера А,1917,3,124900,2,15,74052,115000,59.9176226,30.2891644,,6751317,Europe/Moscow
Санкт-Петербург,Санкт-Петербург,Садовая улица,103 литера А,1913,7,500390,4,90,295253,120000,59.9192542,30.2886864,,6751318,Europe/Moscow
Санкт-Петербург,Санкт-Петербург,Садовая улица,105 литера А,1903,6,486370,3,68,320623,115000,59.9189225,30.2883604,,6751319,Europe/Moscow
Санкт-Петербург,Санкт-Петербург,Садовая улица,106 литера А,1917,5,316890,3,41,254088,115000,59.9174655,30.2882080,,6751320,Europe/Moscow
Республика Татарстан,Казань,улица Восстания,1,1965,5,421950,5,99,302850,101600,55.8343393,49.0522176,,6904596,Europe/Moscow
Республика Татарстан,Казань,улица Восстания,3,1965,5,364030,5,85,244990,101600,55.8352404,49.1001360,,6904719,Europe/Moscow
Республика Татарстан,Казань,улица Восстания,4,1962,5,577310,4,80,354540,101600,55.8365013,49.1001785,,6904752,Europe/Moscow
Республика Татарстан,Казань,улица Восстания,4а,1973,9,344050,2,54,236160,101600,55.8369558,49.0995675,,6904761,Europe/Moscow
Республика Татарстан,Казань,улица Восстания,5,1964,5,395940,4,80,246710,101600,55.8351462,49.0995041,,6904776,Europe/Moscow
Республика Татарстан,Казань,улица Восстания,6,1963,5,576088,4,80,353428,101600,55.8363932,49.0993591,,6904812,Europe/Moscow
Республика Татарстан,Казань,улица Восстания,7,1964,5,452380,5,82,366200,101600,55.8350980,49.0987782,,6904839,Europe/Moscow
Республика Татарстан,Казань,улица Восстания,8,1963,5,532040,4,64,257950,101600,55.8360194,49.0986157,,6904872,Europe/Moscow
Республика Татарстан,Казань,улица Восстания,10,1962,5,576363,4,80,359693,101600,55.8284976,49.0401302,,6904599,Europe/Moscow
Республика Татарстан,Казань,улица Восстания,11,1965,5,388990,12,240,361290,101600,55.8349928,49.0977843,,6904626,Europe/Moscow
Республика Татарстан,Казань,улица Восстания,12,1962,5,550280,4,80,356940,101600,55.8361283,49.0968593,,6904641,Europe/Moscow
Республика Татарстан,Казань,улица Восстания,12А,1975,9,318060,2,54,226680,101600,55.8366693,49.0970888,,6904644,Europe/Moscow
Республика Татарстан,Казань,улица Восстания,13,1965,5,388950,12,238,361290,101600,55.8349265,49.0971342,,6904665,Europe/Moscow
Республика Татарстан,Казань,улица Восстания,14,1962,5,581450,4,80,347000,101600,55.8360507,49.0959656,,6904668,Europe/Moscow
Республика Татарстан,Казань,улица Восстания,15,1965,5,482870,8,159,362550,101600,55.8348560,49.0964995,,6904671,Europe/Moscow
Республика Татарстан,Казань,улица Восстания,16,1961,5,515530,4,78,286100,101600,55.8355634,49.0946732,,6904674,Europe/Moscow
Республика Татарстан,Казань,улица Восстания,17,1962,5,346310,4,80,322510,101600,55.8347995,49.0958322,,6904677,Europe/Moscow
Республика Татарстан,Казань,улица Восстания,18,1958,5,743250,4,63,382820,101600,55.8354324,49.0931959,,6904680,Europe/Moscow
Республика Татарстан,Казань,улица Восстания,18в,1956,2,147460,5,36,59580,101600,55.8365432,49.0930770,,9370118,Europe/Moscow
Республика Татарстан,Казань,улица Восстания,18г,1956,2,156170,4,31,56670,101600,55.8354278,49.0930355,,9370119,Europe/Moscow
Республика Татарстан,Казань,улица Восстания,19,1965,5,180070,2,36,141230,101600,55.8350700,49.0952180,,6904683,Europe/Moscow
Республика Татарстан,Казань,улица Восстания,20,1962,5,266340,2,40,145060,101600,55.8352625,49.0917951,,6904686,Europe/Moscow
Республика Татарстан,Казань,улица Восстания,21,1959,5,390922,2,30,299362,101600,55.8346771,49.0946685,,6904692,Europe/Moscow
Республика Татарстан,Казань,улица Восстания,22,1957,2,114607,2,12,64257,101600,55.8359457,49.0917729,,6904695,Europe/Moscow
Республика Татарстан,Казань,улица Восстания,22а,1975,5,125600,11,204,102400,101600,55.8365167,49.0915294,,7884050,Europe/Moscow
Республика Татарстан,Казань,улица Восстания,23,1960,5,414250,3,60,222190,101600,55.8348833,49.0936589,,6904698,Europe/Moscow
Республика Татарстан,Казань,улица Восстания,24,1962,5,744896,10,195,475366,101600,55.8357306,49.0910604,,6904701,Europe/Moscow
Республика Татарстан,Казань,улица Восстания,25,1959,5,422325,2,31,297375,101600,55.8346739,49.0928509,,6904704,Europe/Moscow
Республика Татарстан,Казань,улица Восстания,26,1963,5,435490,4,64,258800,101600,55.8351200,49.0904877,,6904707,Europe/Moscow
Республика Татарстан,Казань,улица Восстания,27,1959,5,399824,2,31,296604,101600,55.8345331,49.0917612,,6904710,Europe/Moscow
Республика Татарстан,Казань,улица Восстания,28,1963,5,413740,3,60,223230,101600,55.8348263,49.0888159,,6904713,Europe/Moscow
Республика Татарстан,Казань,улица Восстания,29,1960,5,517620,4,76,262970,101600,55.8345610,49.0906969,,6904716,Europe/Moscow
Республика Татарстан,Казань,улица Восстания,30,1954,3,277275,2,21,153660,101600,55.8346278,49.0877230,,6904725,Europe/Moscow
Республика Татарстан,Казань,улица Восстания,31,1954,4,415700,2,32,172540,101600,55.8342909,49.0890035,,6904728,Europe/Moscow
Республика Татарстан,Казань,улица Восстания,32,1966,5,579490,5,86,367550,101600,55.8353030,49.0876404,,6904731,Europe/Moscow
Республика Татарстан,Казань,улица Восстания,33,1953,3,291881,2,20,147460,101600,55.8341107,49.0880685,,6904734,Europe/Moscow
Республика Татарстан,Казань,улица Восстания,34,1953,3,292905,2,18,141050,101600,55.8342490,49.0863897,,6904737,Europe/Moscow
Республика Татарстан,Казань,улица Восстания,35,1956,4,431490,3,48,280910,101600,55.8337834,49.0867063,,6904740,Europe/Moscow
Республика Татарстан,Казань,улица Восстания,36,1956,4,703610,4,54,356320,101600,55.8339180,49.0849635,,6904743,Europe/Moscow
Республика Татарстан,Казань,улица Восстания,37,1953,3,280048,2,21,141440,101600,55.8334594,49.0853584,,6904746,Europe/Moscow
Республика Татарстан,Казань,улица Восстания,42,1953,4,1431619,7,99,624909,101600,,,,6904764,Europe/Moscow
Республика Татарстан,Казань,улица Восстания,43,1959,5,845720,4,72,431200,101600,55.8328969,49.0825844,,6904767,Europe/Moscow
Республика Татарстан,Казань,улица Восстания,46,1954,4,591720,3,45,260970,101600,55.8338146,49.0774721,,6904770,Europe/Moscow
Республика Татарстан,Казань,улица Восстания,49,1957,7,2437126,9,245,1152966,101600,55.8325819,49.0774482,,6904773,Europe/Moscow
Республика Татарстан,Казань,улица Восстания,50,1956,5,772951,4,76,380581,101600,55.8376835,49.0494964,,6904779,Europe/Moscow
Республика Татарстан,Казань,улица Восстания,51,1965,5,580630,5,82,361530,101600,55.8319487,49.0760867,,6904782,Europe/Moscow
Республика Татарстан,Казань,улица Восстания,52,1963,5,486240,4,76,293610,101600,55.8336493,49.0756212,,6904785,Europe/Moscow
Республика Татарстан,Казань,улица Восстания,53,1965,5,580880,4,80,367650,101600,55.8371801,49.0500498,,6904788,Europe/Moscow
Республика Татарстан,Казань,улица Восстания,54,1958,5,408680,2,40,367650,101600,55.8349134,49.0747007,,6904794,Europe/Moscow
Республика Татарстан,Казань,улица Восстания,56,1956,5,1492960,9,165,967950,101600,55.8342557,49.0737983,,6904797,Europe/Moscow
Республика Татарстан,Казань,улица Восстания,57,1965,5,453280,4,80,337520,101600,55.8326225,49.0753452,,6904803,Europe/Moscow
Республика Татарстан,Казань,улица Восстания,58,1940,5,1342243,5,87,651153,101600,55.8337376,49.0729753,,6904806,Europe/Moscow
Республика Татарстан,Казань,улица Восстания,59,1965,5,533780,4,80,307610,101600,55.8329730,49.0724006,,6904809,Europe/Moscow
Республика Татарстан,Казань,улица Восстания,60,2003,5,1412120,3,56,724900,101600,55.8338318,49.0704656,,6904815,Europe/Moscow
Республика Татарстан,Казань,улица Восстания,61,1966,5,531220,4,79,302340,101600,55.8329448,49.0712462,,6904818,Europe/Moscow
Республика Татарстан,Казань,улица Рихарда Зорге,1,1970,9,1142800,7,231,1114020,101600,55.8979420,49.1322575,,6913161,Europe/Moscow
Республика Татарстан,Казань,улица Рихарда Зорге,2,1967,5,407790,1,16,365100,101600,55.8978338,49.1331266,,6913239,Europe/Moscow
Республика Татарстан,Казань,улица Рихарда Зорге,3,1967,5,600688,4,64,258640,101600,55.7637374,49.1833968,,6913257,Europe/Moscow
Республика Татарстан,Казань,улица Рихарда Зорге,4,1968,5,389650,8,160,245710,101600,55.7620524,49.1839199,,6913299,Europe/Moscow
Республика Татарстан,Казань,улица Рихарда Зорге,5,1967,5,478570,4,80,366510,101600,55.7630408,49.1838740,,6913335,Europe/Moscow
Республика Татарстан,Казань,улица Рихарда Зорге,5А,1976,5,899010,7,133,576350,101600,55.7626634,49.1826513,,6913338,Europe/Moscow
Республика Татарстан,Казань,улица Рихарда Зорге,6,1967,5,488470,4,80,364910,101600,55.7617485,49.1844567,,6913359,Europe/Moscow
Республика Татарстан,Казань,улица Рихарда Зорге,7,1967,5,571500,5,81,362430,101600,55.7627248,49.1844191,,6913383,Europe/Moscow
Республика Татарстан,Казань,улица Рихарда Зорге,8,1967,5,402260,5,87,364300,101600,55.7614043,49.1849795,,6913413,Europe/Moscow
Республика Татарстан,Казань,улица Рихарда Зорге,9,1967,5,368900,4,80,362690,101600,55.7624084,49.1849791,,6913446,Europe/Moscow
Республика Татарстан,Казань,улица Рихарда Зорге,10,1967,5,447000,5,83,333780,101600,55.9007288,49.1349994,,6913167,Europe/Moscow
Республика Татарстан,Казань,улица Рихарда Зорге,11,1966,5,402540,4,80,361890,101600,55.7621009,49.1855168,,6913188,Europe/Moscow
Республика Татарстан,Казань,улица Рихарда Зорге,12,1967,5,448680,4,80,334790,101600,55.7600052,49.1824132,,6913203,Europe/Moscow
Республика Татарстан,Казань,улица Рихарда Зорге,12А,1967,5,443450,5,83,330740,101600,55.7607026,49.1827132,,6913206,Europe/Moscow
Республика Татарстан,Казань,улица Рихарда Зорге,13,1967,5,404770,4,80,363490,101600,55.7617676,49.1860547,,6913212,Europe/Moscow
Республика Татарстан,Казань,улица Рихарда Зорге,13б,2006,10,576880,3,90,480620,101600,55.7590906,49.1906112,,6913215,Europe/Moscow
Республика Татарстан,Казань,улица Рихарда Зорге,15,1967,5,496160,5,81,372980,101600,55.7610861,49.1855439,,6913218,Europe/Moscow
Республика Татарстан,Казань,улица Рихарда Зорге,16,1967,5,459830,5,82,333050,101600,55.7608191,49.1819157,,6913221,Europe/Moscow
Республика Татарстан,Казань,улица Рихарда Зорге,16А,1967,5,446170,5,83,333200,101600,55.7601129,49.1816035,,6913224,Europe/Moscow
Республика Татарстан,Казань,улица Рихарда Зорге,17,1967,5,449300,4,80,335740,101600,55.7602983,49.1842813,,6913227,Europe/Moscow
Республика Татарстан,Казань,улица Рихарда Зорге,18,1967,5,729718,7,122,530198,101600,55.7607318,49.1810320,,6913233,Europe/Moscow
Республика Татарстан,Казань,улица Рихарда Зорге,19,1968,5,540260,5,93,395980,101600,55.7595215,49.1831221,,6913236,Europe/Moscow
Республика Татарстан,Казань,улица Рихарда Зорге,21,1967,5,399180,5,90,275120,101600,55.7587637,49.1820967,,6913242,Europe/Moscow
Республика Татарстан,Казань,улица Рихарда Зорге,23,1968,5,547220,15,282,395860,101600,55.7583611,49.1809775,,6913245,Europe/Moscow
Республика Татарстан,Казань,улица Рихарда Зорге,24,1984,9,806480,4,111,737153,101600,55.7571243,49.1940815,,6913248,Europe/Moscow
Республика Татарстан,Казань,улица Рихарда Зорге,25,1967,5,362210,3,60,266870,101600,55.7588665,49.1803651,,6913251,Europe/Moscow
Республика Татарстан,Казань,улица Рихарда Зорге,28,1986,14,506280,2,93,452470,101600,55.7561326,49.1967738,,6913254,Europe/Moscow
Республика Татарстан,Казань,улица Рихарда Зорге,30,2002,6,460460,2,47,441450,101600,55.7552467,49.1961259,,6913260,Europe/Moscow
Республика Татарстан,Казань,улица Рихарда Зорге,32 корп. 1,1995,5,366855,7,127,366855,101600,55.7541704,49.1953205,,6913269,Europe/Moscow
Республика Татарстан,Казань,улица Рихарда Зорге,32 корп. 2,1973,5,409500,8,147,359920,101600,55.7541484,49.1944319,,6913272,Europe/Moscow
Республика Татарстан,Казань,улица Рихарда Зорге,33,1975,9,1056160,4,130,612990,101600,55.7555970,49.2006348,,6913275,Europe/Moscow
Республика Татарстан,Казань,улица Рихарда Зорге,34,2001,9,1377130,7,252,1135890,101600,55.7544036,49.1934649,,6913278,Europe/Moscow
Республика Татарстан,Казань,улица Рихарда Зорге,35,1974,9,1225424,5,145,782274,101600,55.7551609,49.2023795,,6913281,Europe/Moscow
Республика Татарстан,Казань,улица Рихарда Зорге,37,1998,6,282850,1,14,145670,101600,55.7548629,49.2018107,,6913284,Europe/Moscow
Республика Татарстан,Казань,улица Рихарда Зорге,38,1972,5,362780,5,82,362780,101600,55.7551276,49.1969073,,6913287,Europe/Moscow
Республика Татарстан,Казань,улица Рихарда Зорге,39,1974,9,1126464,4,130,609954,101600,55.7542462,49.2029370,,6913290,Europe/Moscow
Республика Татарстан,Казань,улица Рихарда Зорге,39а,1999,6,204110,2,32,146720,101600,55.7535322,49.2040762,,6913293,Europe/Moscow
Республика Татарстан,Казань,улица Рихарда Зорге,40,1971,5,361218,5,81,361218,101600,55.7544499,49.1969595,,6913302,Europe/Moscow
Республика Татарстан,Казань,улица Рихарда Зорге,41,1974,9,1863810,7,221,1228550,101600,55.7549373,49.2038315,,6913305,Europe/Moscow
Республика Татарстан,Казань,улица Рихарда Зорге,42,1972,9,1044690,7,220,1044690,101600,55.7552458,49.1982390,,6913308,Europe/Moscow
Республика Татарстан,Казань,улица Рихарда Зорге,43,1974,9,856580,8,288,435220,101600,55.7539070,49.2045810,,6913311,Europe/Moscow
Республика Татарстан,Казань,улица Рихарда Зорге,44,1970,5,362280,5,81,362280,101600,55.7539031,49.1975068,,6913314,Europe/Moscow
Республика Татарстан,Казань,улица Рихарда Зорге,46,1970,5,361290,5,88,361290,101600,55.7542518,49.1986750,,6913317,Europe/Moscow
Республика Татарстан,Казань,улица Рихарда Зорге,47,1977,9,1378530,4,139,677870,101600,55.7528503,49.2051361,,6913320,Europe/Moscow
Республика Татарстан,Казань,улица Рихарда Зорге,47А,1999,6,210250,1,14,142190,101600,55.7522542,49.2062497,,6913323,Europe/Moscow
Республика Татарстан,Казань,улица Рихарда Зорге,48,1982,14,468270,2,104,455970,101600,55.7544734,49.1994883,,6913326,Europe/Moscow
Республика Татарстан,Казань,улица Рихарда Зорге,49,1977,9,1866674,7,221,1220094,101600,55.7536076,49.2062000,,6913332,Europe/Moscow
Республика Татарстан,Казань,улица Рихарда Зорге,50,1973,9,1047120,7,223,1033020,101600,55.7537129,49.2008649,,6913341,Europe/Moscow
Республика Татарстан,Казань,улица Рихарда Зорге,52,1972,5,593090,12,235,355370,101600,55.7531362,49.1997714,,6913344,Europe/Moscow
Республика Татарстан,Казань,улица Рихарда Зорге,53,1974,9,842890,3,108,470430,101600,55.7525469,49.2070069,,6913347,Europe/Moscow
Республика Татарстан,Казань,улица Рихарда Зорге,56,1972,5,261060,3,60,261060,101600,55.7524300,49.2003447,,6913350,Europe/Moscow
Республика Татарстан,Казань,улица Рихарда Зорге,57/29,1983,9,2169630,6,205,1168610,101600,55.7515566,49.2075789,,6913353,Europe/Moscow
Республика Татарстан,Казань,улица Рихарда Зорге,58,1972,5,260370,3,60,260370,101600,55.7527012,49.2014664,,6913356,Europe/Moscow
Республика Татарстан,Казань,улица Рихарда Зорге,60,1995,14,483390,2,97,469950,101600,55.7525471,49.2028931,,6913365,Europe/Moscow
Республика Татарстан,Казань,улица Рихарда Зорге,60а,1994,9,310230,2,45,310230,101600,55.7521430,49.2020057,,6913368,Europe/Moscow
Республика Татарстан,Казань,улица Юлиуса Фучика,2,1993,10,1337930,6,234,1297480,101600,55.7429843,49.2012827,,6851337,Europe/Moscow
Республика Татарстан,Казань,улица Юлиуса Фучика,2Б,2011,16,926480,4,225,636690,101600,55.7422716,49.2010471,,7405141,Europe/Moscow
Республика Татарстан,Казань,улица Юлиуса Фучика,4,1995,14,479580,2,93,429810,101600,55.7440731,49.2006646,,6851367,Europe/Moscow
Республика Татарстан,Казань,улица Юлиуса Фучика,6,1994,9,583700,3,108,583700,101600,55.7432226,49.2003518,,6851418,Europe/Moscow
Республика Татарстан,Казань,улица Юлиуса Фучика,8,2000,16,533780,2,93,521910,101600,55.7428810,49.2022922,,6851463,Europe/Moscow
Республика Татарстан,Казань,улица Юлиуса Фучика,8А,2005,16,648400,2,96,531710,101600,55.7424090,49.2029735,,6851466,Europe/Moscow
Республика Татарстан,Казань,улица Юлиуса Фучика,8Б,2006,16,794930,2,113,618210,101600,55.7423555,49.2018880,,6851469,Europe/Moscow
Республика Татарстан,Казань,улица Юлиуса Фучика,8В,2008,6,678120,3,54,486610,101600,55.7416912,49.2031057,,6851472,Europe/Moscow
Республика Татарстан,Казань,улица Юлиуса Фучика,12,1995,4,481379,5,80,481379,101600,55.7410561,49.2014293,,6851271,Europe/Moscow
Республика Татарстан,Казань,улица Юлиуса Фучика,12А,2005,6,890001,4,88,808751,101600,55.7415409,49.2043153,,6851274,Europe/Moscow
Республика Татарстан,Казань,улица Юлиуса Фучика,14,1990,10,1454450,7,279,1388930,101600,55.7424928,49.2114198,,6851304,Europe/Moscow
Республика Татарстан,Казань,улица Юлиуса Фучика,14А,1998,9,824570,4,130,804290,101600,55.7423132,49.2091885,,6851307,Europe/Moscow
Республика Татарстан,Казань,улица Юлиуса Фучика,14Б,2004,10,1403590,5,188,1319990,101600,55.7416912,49.2102287,,6851310,Europe/Moscow
Республика Татарстан,Казань,улица Юлиуса Фучика,14В,2015,19,2596060,5,350,2175550,101600,55.7419402,49.2053659,,9079719,Europe/Moscow
Республика Татарстан,Казань,улица Юлиуса Фучика,16,1990,10,635521,4,126,635521,101600,55.7419797,49.2113146,,6851331,Europe/Moscow
Республика Татарстан,Казань,улица Юлиуса Фучика,18,1990,10,848000,5,164,848000,101600,55.7416919,49.2124137,,6851334,Europe/Moscow
Республика Татарстан,Казань,улица Юлиуса Фучика,20,1990,10,839100,4,158,839100,101600,55.7416741,49.2142918,,6851340,Europe/Moscow
Республика Татарстан,Казань,улица Юлиуса Фучика,22,1993,14,476160,2,96,474060,101600,55.7423883,49.2146757,,6851343,Europe/Moscow
Республика Татарстан,Казань,улица Юлиуса Фучика,24,1993,14,487170,2,103,487170,101600,55.7429205,49.2151720,,6851349,Europe/Moscow
Республика Татарстан,Казань,улица Юлиуса Фучика,28,1989,9,634290,4,109,574240,101600,55.7432493,49.2159130,,6851352,Europe/Moscow
Республика Татарстан,Казань,улица Юлиуса Фучика,30,1990,9,573020,3,106,526820,101600,55.7437681,49.2159637,,6851355,Europe/Moscow
Республика Татарстан,Казань,улица Юлиуса Фучика,34,1988,9,2049160,9,315,1800670,101600,55.7455265,49.2191384,,6851358,Europe/Moscow
Республика Татарстан,Казань,улица Юлиуса Фучика,36,1977,9,1228830,10,360,951610,101600,55.7451250,49.2208708,,6851361,Europe/Moscow
Республика Татарстан,Казань,улица Юлиуса Фучика,38,1978,9,755470,5,156,755470,101600,55.7457921,49.2219793,,6851364,Europe/Moscow
Республика Татарстан,Казань,улица Юлиуса Фучика,42,1978,9,1449700,8,277,1394490,101600,55.7471450,49.2221849,,6851370,Europe/Moscow
Республика Татарстан,Казань,улица Юлиуса Фучика,44,1978,9,1782440,10,331,1780690,101600,55.7465603,49.2241678,,6851373,Europe/Moscow
Республика Татарстан,Казань,улица Юлиуса Фучика,48,1977,9,762040,5,148,762040,101600,55.7472269,49.2260154,,6851376,Europe/Moscow
Республика Татарстан,Казань,улица Юлиуса Фучика,49,2001,14,562470,2,94,452520,101600,55.7448865,49.2016314,,6851382,Europe/Moscow
Республика Татарстан,Казань,улица Юлиуса Фучика,50,1978,9,1790198,9,324,1659358,101600,55.7485315,49.2247439,,6851385,Europe/Moscow
Республика Татарстан,Казань,улица Юлиуса Фучика,51,1988,9,783880,4,144,455030,101600,55.7443528,49.2023890,,6851388,Europe/Moscow
Республика Татарстан,Казань,улица Юлиуса Фучика,52,1982,9,1745780,10,325,1734180,101600,55.7521301,49.2326233,,6851391,Europe/Moscow
Республика Татарстан,Казань,улица Юлиуса Фучика,53,2004,14,555130,3,138,523530,101600,55.7439079,49.2040664,,6851394,Europe/Moscow
Республика Татарстан,Казань,улица Юлиуса Фучика,54,1981,9,913760,5,145,772180,101600,55.7519863,49.2340284,,6851397,Europe/Moscow
Республика Татарстан,Казань,улица Юлиуса Фучика,55,2005,14,734580,2,69,507470,101600,55.7436167,49.2044946,,6851400,Europe/Moscow
Республика Татарстан,Казань,улица Юлиуса Фучика,56,1980,9,774000,4,144,451780,101600,55.7524753,49.2350651,,6851406,Europe/Moscow
Республика Татарстан,Казань,улица Юлиуса Фучика,58,1981,9,761580,4,144,447390,101600,55.7532029,49.2344066,,6851409,Europe/Moscow
Республика Татарстан,Казань,улица Юлиуса Фучика,58б,2011,16,2175050,4,256,1510740,101600,55.7538208,49.2348055,,7405156,Europe/Moscow
Республика Татарстан,Казань,улица Юлиуса Фучика,62,1980,9,761700,5,146,741830,101600,55.7545900,49.2335981,,6851421,Europe/Moscow
Республика Татарстан,Казань,улица Юлиуса Фучика,62А,2006,10,880870,11,418,726009,101600,55.7540587,49.2338129,,6851424,Europe/Moscow
Республика Татарстан,Казань,улица Юлиуса Фучика,64 корп. 1,1984,14,792090,4,188,441440,101600,55.7532446,49.2324082,,6851427,Europe/Moscow
Республика Татарстан,Казань,улица Юлиуса Фучика,64 корп. 2,1984,14,461530,4,192,461530,101600,55.7537714,49.2323740,,6851430,Europe/Moscow
Республика Татарстан,Казань,улица Юлиуса Фучика,66,1980,9,762500,9,289,762160,101600,55.7551032,49.2346494,,6851436,Europe/Moscow
Республика Татарстан,Казань,улица Юлиуса Фучика,68,1980,9,748300,5,147,748300,101600,55.7556209,49.2336450,,6851439,Europe/Moscow
Республика Татарстан,Казань,улица Юлиуса Фучика,69,1989,9,322360,3,89,322360,101600,55.7437919,49.2068666,,6851442,Europe/Moscow
Республика Татарстан,Казань,улица Юлиуса Фучика,71,1987,9,315470,3,93,315470,101600,55.7438792,49.2079973,,6851445,Europe/Moscow
Республика Татарстан,Казань,улица Юлиуса Фучика,72,1984,9,2366050,9,320,1807720,101600,55.7551138,49.2323364,,6851451,Europe/Moscow
Республика Татарстан,Казань,улица Юлиуса Фучика,75,1987,9,434860,3,91,318700,101600,55.7439729,49.2091126,,6851454,Europe/Moscow
Республика Татарстан,Казань,улица Юлиуса Фучика,78,2003,10,1544390,7,279,1169760,101600,55.7602302,49.2332106,,6851457,Europe/Moscow
Республика Татарстан,Казань,улица Юлиуса Фучика,79,1987,9,318470,3,93,318470,101600,55.7440717,49.2102718,,6851460,Europe/Moscow
Республика Татарстан,Казань,улица Юлиуса Фучика,82,2007,10,5608540,23,898,5174870,101600,55.7601947,49.2342811,,6851475,Europe/Moscow
Республика Татарстан,Казань,улица Юлиуса Фучика,83,1987,9,2151010,12,400,2072660,101600,55.7433381,49.2096008,,6851478,Europe/Moscow
Республика Татарстан,Казань,улица Юлиуса Фучика,84,2006,10,889530,9,356,842710,101600,55.7611415,49.2359381,,6851484,Europe/Moscow
Республика Татарстан,Казань,улица Юлиуса Фучика,86,2006,10,1493430,7,273,1258820,101600,55.7617005,49.2375210,,6851487,Europe/Moscow
Республика Татарстан,Казань,улица Юлиуса Фучика,86А,2008,10,261800,1,39,219116,101600,55.7613401,49.2385192,,7884485,Europe/Moscow
Республика Татарстан,Казань,улица Юлиуса Фучика,87,1999,14,721290,2,57,508260,101600,55.7438322,49.2125261,,6851490,Europe/Moscow
Республика Татарстан,Казань,проспект Хусаина Ямашева,4,1964,5,609380,4,80,361790,101600,,,,6901593,Europe/Moscow
Республика Татарстан,Казань,проспект Хусаина Ямашева,6,1964,5,571190,5,84,366310,101600,,,,6901641,Europe/Moscow
Республика Татарстан,Казань,проспект Хусаина Ямашева,9,1978,14,714840,2,91,439760,101600,,,,6901713,Europe/Moscow
Республика Татарстан,Казань,проспект Хусаина Ямашева,11,1977,9,901080,5,147,619900,101600,,,,6901509,Europe/Moscow
Республика Татарстан,Казань,проспект Хусаина Ямашева,12,1964,5,572620,5,83,358760,101600,,,,6901518,Europe/Moscow
Республика Татарстан,Казань,проспект Хусаина Ямашева,14,1964,5,571700,5,84,365960,101600,,,,6901521,Europe/Moscow
Республика Татарстан,Казань,проспект Хусаина Ямашева,15 корп. 1,1977,9,326058,2,48,208690,101600,,,,6901524,Europe/Moscow
Республика Татарстан,Казань,проспект Хусаина Ямашева,15 корп. 2,1977,9,330290,2,48,208920,101600,,,,6901527,Europe/Moscow
Республика Татарстан,Казань,проспект Хусаина Ямашева,16,1964,5,574100,4,80,366980,101600,,,,6901533,Europe/Moscow
Республика Татарстан,Казань,проспект Хусаина Ямашева,17,1976,9,1809720,7,245,1061810,101600,,,,6901536,Europe/Moscow
Республика Татарстан,Казань,проспект Хусаина Ямашева,18,1964,5,573870,4,80,367670,101600,,,,6901539,Europe/Moscow
Республика Татарстан,Казань,проспект Хусаина Ямашева,19,1972,5,1268030,11,202,944490,101600,,,,6901542,Europe/Moscow
Республика Татарстан,Казань,проспект Хусаина Ямашева,20,1964,5,572900,4,80,367620,101600,,,,6901545,Europe/Moscow
Республика Татарстан,Казань,проспект Хусаина Ямашева,21,1974,9,212170,2,49,107890,101600,,,,6901548,Europe/Moscow
Республика Татарстан,Казань,проспект Хусаина Ямашева,22,1964,5,570450,4,80,364750,101600,,,,6901551,Europe/Moscow
Республика Татарстан,Казань,проспект Хусаина Ямашева,23,1974,9,263520,2,54,194760,101600,,,,6901554,Europe/Moscow
Республика Татарстан,Казань,проспект Хусаина Ямашева,24/40,1965,5,574380,5,83,367040,101600,,,,6901557,Europe/Moscow
Республика Татарстан,Казань,проспект Хусаина Ямашева,25,1974,9,1032800,2,53,114980,101600,,,,6901560,Europe/Moscow
Республика Татарстан,Казань,проспект Хусаина Ямашева,27,1974,9,269060,2,54,189610,101600,,,,6901566,Europe/Moscow
Республика Татарстан,Казань,проспект Хусаина Ямашева,28,1970,5,568630,4,79,356990,101600,,,,6901569,Europe/Moscow
Республика Татарстан,Казань,проспект Хусаина Ямашева,29,2003,10,1578050,7,249,1417490,101600,,,,6901572,Europe/Moscow
Республика Татарстан,Казань,проспект Хусаина Ямашева,30,1971,9,1085750,5,159,675830,101600,,,,6901575,Europe/Moscow
Республика Татарстан,Казань,проспект Хусаина Ямашева,31,2004,9,1112922,5,157,733288,101600,,,,6901578,Europe/Moscow
Республика Татарстан,Казань,проспект Хусаина Ямашева,31А,2010,14,1824760,6,310,1315240,101600,,,,6901581,Europe/Moscow
Республика Татарстан,Казань,проспект Хусаина Ямашева,31Б,2014,10,1214880,12,469,711300,101600,,,,8973696,Europe/Moscow
Республика Татарстан,Казань,проспект Хусаина Ямашева,32,1970,5,565270,4,80,360510,101600,,,,6901584,Europe/Moscow
Республика Татарстан,Казань,проспект Хусаина Ямашева,35,2004,9,1104965,9,315,740225,101600,,,,6901587,Europe/Moscow
Республика Татарстан,Казань,проспект Хусаина Ямашева,35А,2010,14,1879760,4,208,1324330,101600,,,,8974321,Europe/Moscow
Республика Татарстан,Казань,проспект Хусаина Ямашева,35Б,2014,11,1073620,11,453,712890,101600,,,,8973695,Europe/Moscow
Республика Татарстан,Казань,проспект Хусаина Ямашева,39,1997,10,578120,2,79,419220,101600,,,,6901590,Europe/Moscow
Республика Татарстан,Казань,проспект Хусаина Ямашева,43,2003,17,898363,3,137,624623,101600,,,,6901599,Europe/Moscow
Республика Татарстан,Казань,проспект Хусаина Ямашева,45,2003,17,925331,2,136,631911,101600,,,,6901602,Europe/Moscow
Республика Татарстан,Казань,проспект Хусаина Ямашева,48,1979,9,1629930,6,192,1054170,101600,,,,6901605,Europe/Moscow
Республика Татарстан,Казань,проспект Хусаина Ямашева,49,1994,10,1483676,5,197,1012170,101600,,,,6901608,Europe/Moscow
Республика Татарстан,Казань,проспект Хусаина Ямашева,51,2007,15,4629270,7,403,3284320,101600,,,,6901614,Europe/Moscow
Республика Татарстан,Казань,проспект Хусаина Ямашева,52,1981,9,989600,3,96,517400,101600,,,,6901617,Europe/Moscow
Республика Татарстан,Казань,проспект Хусаина Ямашева,54 корп. 1,1980,9,1184960,4,131,865562,101600,,,,6901620,Europe/Moscow
Республика Татарстан,Казань,проспект Хусаина Ямашева,54 корп. 2,1981,9,967610,4,129,681970,101600,,,,6901623,Europe/Moscow
Республика Татарстан,Казань,проспект Хусаина Ямашева,54 корп. 3,1982,9,1249180,6,198,1051322,101600,,,,6901626,Europe/Moscow
Республика Татарстан,Казань,проспект Хусаина Ямашева,54 корп. 4,1983,9,968630,5,163,693370,101600,,,,6901632,Europe/Moscow
Республика Татарстан,Казань,проспект Хусаина Ямашева,56,1976,9,753440,3,108,562520,101600,,,,6901635,Europe/Moscow
Республика Татарстан,Казань,проспект Хусаина Ямашева,58,1975,9,1296580,5,180,969090,101600,,,,6901638,Europe/Moscow
Республика Татарстан,Казань,проспект Хусаина Ямашева,60,1975,9,767690,4,144,452150,101600,,,,6901644,Europe/Moscow
Республика Татарстан,Казань,проспект Хусаина Ямашева,61,1994,15,4494074,9,505,3175290,101600,,,,6901647,Europe/Moscow
Республика Татарстан,Казань,проспект Хусаина Ямашева,63,1993,10,706250,3,117,623070,101600,,,,6901650,Europe/Moscow
Республика Татарстан,Казань,проспект Хусаина Ямашева,65,1992,10,798470,3,119,641330,101600,,,,6901653,Europe/Moscow
Республика Татарстан,Казань,проспект Хусаина Ямашева,67,1998,18,838290,2,105,673290,101600,,,,6901656,Europe/Moscow
Республика Татарстан,Казань,проспект Хусаина Ямашева,69,1998,13,3776661,9,444,2549221,101600,,,,6901659,Europe/Moscow
Республика Татарстан,Казань,проспект Хусаина Ямашева,71,1998,10,942410,3,120,671020,101600,,,,6901665,Europe/Moscow
Республика Татарстан,Казань,проспект Хусаина Ямашева,73,1996,10,1274950,5,161,887450,101600,,,,6901668,Europe/Moscow
Республика Татарстан,Казань,проспект Хусаина Ямашева,76,1984,9,2461390,8,256,1457020,101600,,,,6901677,Europe/Moscow
Республика Татарстан,Казань,проспект Хусаина Ямашева,78,1980,9,2213420,10,332,1738930,101600,,,,6901680,Europe/Moscow
Республика Татарстан,Казань,проспект Хусаина Ямашева,79,1998,15,719180,2,83,465360,101600,,,,6901683,Europe/Moscow
Республика Татарстан,Казань,проспект Хусаина Ямашева,81,1992,15,746860,2,98,477900,101600,,,,6901686,Europe/Moscow
Республика Татарстан,Казань,проспект Хусаина Ямашева,82,1982,9,2479270,8,287,1639390,101600,,,,6901689,Europe/Moscow
Республика Татарстан,Казань,улица Маршала Чуйкова,1,1993,14,700750,2,94,451190,101600,55.8363619,49.1035682,,6910278,Europe/Moscow
Республика Татарстан,Казань,улица Маршала Чуйкова,3,1993,14,713290,2,94,452890,101600,55.8363181,49.1046248,,6910362,Europe/Moscow
Республика Татарстан,Казань,улица Маршала Чуйкова,5,1988,14,737990,2,94,452530,101600,55.8364008,49.1057228,,6910428,Europe/Moscow
Республика Татарстан,Казань,улица Маршала Чуйкова,7,1978,9,464260,2,72,357970,101600,55.8364054,49.1079458,,6910491,Europe/Moscow
Республика Татарстан,Казань,улица Маршала Чуйкова,9,1985,9,1547720,6,192,1082990,101600,55.8362899,49.1093958,,6910524,Europe/Moscow
Республика Татарстан,Казань,улица Маршала Чуйкова,11,1981,9,1011640,5,145,780920,101600,55.8364097,49.1112682,,6910281,Europe/Moscow
Республика Татарстан,Казань,улица Маршала Чуйкова,12,1978,9,490170,2,72,377680,101600,55.8353064,49.1216092,,6910284,Europe/Moscow
Республика Татарстан,Казань,улица Маршала Чуйкова,13,1990,9,842740,4,140,464250,101600,55.8364882,49.1132386,,6910287,Europe/Moscow
Республика Татарстан,Казань,улица Маршала Чуйкова,14,1978,9,488620,2,72,389050,101600,55.8353072,49.1226776,,6910293,Europe/Moscow
Республика Татарстан,Казань,улица Маршала Чуйкова,15,1991,9,741630,4,142,468280,101600,55.8367325,49.1138422,,6910296,Europe/Moscow
Республика Татарстан,Казань,улица Маршала Чуйкова,15Б,2004,9,642670,1,3,619160,101600,55.8366564,49.1145963,,6910299,Europe/Moscow
Республика Татарстан,Казань,улица Маршала Чуйкова,17,1992,9,876620,3,82,282380,101600,55.8364374,49.1153341,,6910305,Europe/Moscow
Республика Татарстан,Казань,улица Маршала Чуйкова,18,1977,9,491730,2,72,390550,101600,55.8353060,49.1250728,,6910308,Europe/Moscow
Республика Татарстан,Казань,улица Маршала Чуйкова,19,1993,10,1235380,5,162,849270,101600,55.8365655,49.1170012,,6910311,Europe/Moscow
Республика Татарстан,Казань,улица Маршала Чуйкова,20,1978,9,484979,2,72,380059,101600,55.8352989,49.1262161,,6910314,Europe/Moscow
Республика Татарстан,Казань,улица Маршала Чуйкова,22,1972,5,557847,4,79,358857,101600,55.8346326,49.1230259,,6910317,Europe/Moscow
Республика Татарстан,Казань,улица Маршала Чуйкова,23,1990,9,1567730,6,192,1032780,101600,55.8368207,49.1185827,,6910320,Europe/Moscow
Республика Татарстан,Казань,улица Маршала Чуйкова,24,1972,5,570220,4,77,351310,101600,55.8346373,49.1242416,,6910326,Europe/Moscow
Республика Татарстан,Казань,улица Маршала Чуйкова,25,1986,9,1624360,6,190,1023960,101600,55.8368405,49.1226916,,6910329,Europe/Moscow
Республика Татарстан,Казань,улица Маршала Чуйкова,25А,1984,9,744560,4,110,584440,101600,55.8371411,49.1245762,,6910332,Europe/Moscow
Республика Татарстан,Казань,улица Маршала Чуйкова,26,1972,5,571540,4,80,365640,101600,55.8346380,49.1256727,,6910335,Europe/Moscow
Республика Татарстан,Казань,улица Маршала Чуйкова,27А,1992,9,835600,4,110,562130,101600,55.8365968,49.1251955,,6910341,Europe/Moscow
Республика Татарстан,Казань,улица Маршала Чуйкова,28,1972,5,556800,4,79,364600,101600,55.8337798,49.1241308,,6910344,Europe/Moscow
Республика Татарстан,Казань,улица Маршала Чуйкова,29,1980,9,1243370,6,181,983430,101600,55.8374713,49.1260796,,6910347,Europe/Moscow
Республика Татарстан,Казань,улица Маршала Чуйкова,29А,1989,9,1012900,4,128,683080,101600,55.8380423,49.1249785,,6910350,Europe/Moscow
Республика Татарстан,Казань,улица Маршала Чуйкова,29Б,1990,9,967140,5,180,588310,101600,55.8386348,49.1260523,,6910353,Europe/Moscow
Республика Татарстан,Казань,улица Маршала Чуйкова,29В,1990,9,766990,5,145,593530,101600,55.8381859,49.1271050,,6910359,Europe/Moscow
Республика Татарстан,Казань,улица Маршала Чуйкова,30,1972,5,556500,4,80,363480,101600,55.8334690,49.1257572,,6910365,Europe/Moscow
Республика Татарстан,Казань,улица Маршала Чуйкова,31,1987,9,997660,5,179,644250,101600,55.8372186,49.1275259,,6910368,Europe/Moscow
Республика Татарстан,Казань,улица Маршала Чуйкова,32,1972,5,570750,4,80,353720,101600,55.8341251,49.1262102,,6910371,Europe/Moscow
Республика Татарстан,Казань,улица Маршала Чуйкова,33,1984,9,1246120,6,181,971410,101600,55.8374634,49.1285802,,6910374,Europe/Moscow
Республика Татарстан,Казань,улица Маршала Чуйкова,34,1972,5,569040,4,79,362520,101600,55.8342347,49.1271347,,6910377,Europe/Moscow
Республика Татарстан,Казань,улица Маршала Чуйкова,35,1985,9,443040,3,90,323950,101600,55.8367095,49.1284607,,6910380,Europe/Moscow
Республика Татарстан,Казань,улица Маршала Чуйкова,35а,1985,9,444330,3,88,319290,101600,55.8364680,49.1282375,,6910383,Europe/Moscow
Республика Татарстан,Казань,улица Маршала Чуйкова,36,1972,5,569840,4,80,363620,101600,55.8349103,49.1271317,,6910386,Europe/Moscow
Республика Татарстан,Казань,улица Маршала Чуйкова,37,1985,9,974450,5,180,592700,101600,55.8374571,49.1311315,,6910392,Europe/Moscow
Республика Татарстан,Казань,улица Маршала Чуйкова,38,1973,5,621953,3,54,263963,101600,55.8354452,49.1275952,,6910395,Europe/Moscow
Республика Татарстан,Казань,улица Маршала Чуйкова,39,1988,9,922940,5,180,645330,101600,55.8369225,49.1298651,,6910398,Europe/Moscow
Республика Татарстан,Казань,улица Маршала Чуйкова,40,1973,5,634750,3,54,266860,101600,55.8354469,49.1287651,,6910401,Europe/Moscow
Республика Татарстан,Казань,улица Маршала Чуйкова,42,1973,5,577495,4,80,369295,101600,55.8345151,49.1284026,,6910404,Europe/Moscow
Республика Татарстан,Казань,улица Маршала Чуйкова,43 корпус 2,2004,10,532380,2,74,487330,101600,55.8367652,49.1358070,,6910407,Europe/Moscow
Республика Татарстан,Казань,улица Маршала Чуйкова,44,1973,5,549270,5,81,364110,101600,55.8337127,49.1276416,,6910410,Europe/Moscow
Республика Татарстан,Казань,улица Маршала Чуйкова,46,1973,5,568010,4,79,363010,101600,55.8337180,49.1288446,,6910413,Europe/Moscow
Республика Татарстан,Казань,улица Маршала Чуйкова,48,1973,5,556870,4,80,369050,101600,55.8342385,49.1293263,,6910416,Europe/Moscow
Республика Татарстан,Казань,улица Маршала Чуйкова,49,1987,9,1384020,5,173,1056010,101600,55.8376263,49.1381101,,6910419,Europe/Moscow
Республика Татарстан,Казань,улица Маршала Чуйкова,50,1973,5,555040,4,80,367560,101600,55.8349382,49.1297733,,6910431,Europe/Moscow
Республика Татарстан,Казань,улица Маршала Чуйкова,51,1996,9,475880,6,198,210790,101600,55.8366883,49.1365407,,6910434,Europe/Moscow
Республика Татарстан,Казань,улица Маршала Чуйкова,52,1977,9,1949042,9,290,1516435,101600,55.8354824,49.1311198,,6910437,Europe/Moscow
Республика Татарстан,Казань,улица Маршала Чуйкова,53,1989,9,1275884,6,204,721851,101600,55.8364577,49.1376236,,6910440,Europe/Moscow
Республика Татарстан,Казань,улица Маршала Чуйкова,55,1990,9,660400,3,108,385430,101600,55.8364917,49.1392119,,6910443,Europe/Moscow
Республика Татарстан,Казань,улица Маршала Чуйкова,59,1986,9,1736370,8,257,1361970,101600,55.8373972,49.1406760,,6910446,Europe/Moscow
Республика Татарстан,Казань,улица Маршала Чуйкова,59А,1986,9,791510,3,106,561090,101600,55.8381848,49.1388589,,6910449,Europe/Moscow
Республика Татарстан,Казань,улица Маршала Чуйкова,59В,2008,9,1316590,15,526,1316590,101600,55.8384123,49.1400508,,6910452,Europe/Moscow
Республика Татарстан,Казань,улица Маршала Чуйкова,59Г,2008,9,1045660,7,236,565750,101600,55.8385579,49.1412908,,6910458,Europe/Moscow
Республика Татарстан,Казань,улица Маршала Чуйкова,62,2011,19,4351620,7,504,2733690,101600,55.8351476,49.1520469,,7417390,Europe/Moscow
Республика Татарстан,Казань,улица Фатыха Амирхана,2,1986,9,1235600,4,128,711710,101600,55.8280008,49.1355749,,6901290,Europe/Moscow
Республика Татарстан,Казань,улица Фатыха Амирхана,2А,1979,9,1095640,5,147,780880,101600,55.8283574,49.1370774,,6901293,Europe/Moscow
Республика Татарстан,Казань,улица Фатыха Амирхана,5,2001,10,990260,4,122,561320,101600,55.8212247,49.1313497,,6901392,Europe/Moscow
Республика Татарстан,Казань,улица Фатыха Амирхана,8А,1979,9,990950,4,144,776970,101600,55.8300997,49.1363445,,6901446,Europe/Moscow
Республика Татарстан,Казань,улица Фатыха Амирхана,10,1978,9,1953040,8,288,1543070,101600,55.8302601,49.1346686,,6901233,Europe/Moscow
Республика Татарстан,Казань,улица Фатыха Амирхана,10а корпус 1,1985,14,632050,2,96,463840,101600,55.8289890,49.1348516,,6901236,Europe/Moscow
Республика Татарстан,Казань,улица Фатыха Амирхана,10а корпус 2,1985,14,798940,2,91,441140,101600,55.8286607,49.1350550,,6901239,Europe/Moscow
Республика Татарстан,Казань,улица Фатыха Амирхана,11,2001,10,675670,2,59,482470,101600,55.8210909,49.1328544,,6901257,Europe/Moscow
Республика Татарстан,Казань,улица Фатыха Амирхана,12Б,1992,9,645129,4,142,395379,101600,55.8319682,49.1350931,,7883909,Europe/Moscow
Республика Татарстан,Казань,улица Фатыха Амирхана,12а,1992,9,659210,4,115,412510,101600,55.8319682,49.1350931,,8973905,Europe/Moscow
Республика Татарстан,Казань,улица Фатыха Амирхана,12д,2007,17,654940,2,101,642880,101600,55.8335894,49.1365641,,6901266,Europe/Moscow
Республика Татарстан,Казань,улица Фатыха Амирхана,12е,2009,17,662600,2,102,648270,101600,55.8330307,49.1365393,,6901269,Europe/Moscow
Республика Татарстан,Казань,улица Фатыха Амирхана,13,2005,10,598580,3,94,267740,101600,55.8216460,49.1325988,,6901272,Europe/Moscow
Республика Татарстан,Казань,улица Фатыха Амирхана,14А,2009,17,710740,1,63,547030,101600,55.8334272,49.1350122,,6901275,Europe/Moscow
Республика Татарстан,Казань,улица Фатыха Амирхана,14Б,2009,17,898360,2,96,616250,101600,55.8332705,49.1354012,,6901278,Europe/Moscow
Республика Татарстан,Казань,улица Фатыха Амирхана,15,1999,10,808870,3,89,505050,101600,55.8223022,49.1328318,,6901281,Europe/Moscow
Республика Татарстан,Казань,улица Фатыха Амирхана,17,2000,9,812120,4,136,401120,101600,55.8228034,49.1327921,,6901284,Europe/Moscow
Республика Татарстан,Казань,улица Фатыха Амирхана,18/41,2007,16,1855940,3,186,1353700,101600,55.8365292,49.1347103,,6901287,Europe/Moscow
Республика Татарстан,Казань,улица Фатыха Амирхана,20А,1988,9,388090,3,108,198540,101600,55.8381289,49.1363881,,6901299,Europe/Moscow
Республика Татарстан,Казань,улица Фатыха Амирхана,21,2001,13,3276930,8,370,2151800,101600,55.8246743,49.1319112,,6901302,Europe/Moscow
Республика Татарстан,Казань,улица Фатыха Амирхана,22А,1988,9,390670,4,138,201450,101600,55.8385108,49.1363890,,6901311,Europe/Moscow
Республика Татарстан,Казань,улица Фатыха Амирхана,23,1997,18,853990,2,97,656140,101600,55.8258507,49.1327765,,6901314,Europe/Moscow
Республика Татарстан,Казань,улица Фатыха Амирхана,24,1997,10,1270840,4,152,810400,101600,55.8383186,49.1346626,,6901317,Europe/Moscow
Республика Татарстан,Казань,улица Фатыха Амирхана,25,1984,9,1025520,4,128,694610,101600,55.8281292,49.1318797,,6901320,Europe/Moscow
Республика Татарстан,Казань,улица Фатыха Амирхана,26,1996,9,1842940,6,207,1250500,101600,55.8389886,49.1348158,,6901323,Europe/Moscow
Республика Татарстан,Казань,улица Фатыха Амирхана,26А,1998,10,1020360,3,98,714180,101600,55.8384719,49.1376253,,6901326,Europe/Moscow
Республика Татарстан,Казань,улица Фатыха Амирхана,27,1977,9,708846,3,104,569976,101600,55.8285667,49.1311566,,6901332,Europe/Moscow
Республика Татарстан,Казань,улица Фатыха Амирхана,28,1986,9,653750,3,108,354880,101600,55.8399244,49.1363069,,6901335,Europe/Moscow
Республика Татарстан,Казань,улица Фатыха Амирхана,29,1976,9,1027970,4,144,761850,101600,55.8290557,49.1305424,,6901338,Europe/Moscow
Республика Татарстан,Казань,улица Фатыха Амирхана,30,1986,9,1761520,6,192,1032310,101600,55.8404409,49.1351557,,6901341,Europe/Moscow
Республика Татарстан,Казань,улица Фатыха Амирхана,31,1979,14,631210,2,94,448050,101600,55.8287229,49.1326067,,6901344,Europe/Moscow
Республика Татарстан,Казань,улица Фатыха Амирхана,31А,1984,14,638520,2,94,444040,101600,55.8291146,49.1327982,,6901347,Europe/Moscow
Республика Татарстан,Казань,улица Фатыха Амирхана,32,1985,9,987180,5,145,769630,101600,55.8403633,49.1369679,,6901350,Europe/Moscow
Республика Татарстан,Казань,улица Фатыха Амирхана,33,1977,9,651510,3,108,355860,101600,55.8295659,49.1319575,,6901353,Europe/Moscow
Республика Татарстан,Казань,улица Фатыха Амирхана,34,1986,9,2457080,11,361,1928710,101600,55.8411371,49.1371417,,6901356,Europe/Moscow
Республика Татарстан,Казань,улица Фатыха Амирхана,35,1975,9,1310580,5,180,972000,101600,55.8298591,49.1301816,,6901359,Europe/Moscow
Республика Татарстан,Казань,улица Фатыха Амирхана,37,1975,9,1050114,4,144,768034,101600,55.8302144,49.1287610,,6901365,Europe/Moscow
Республика Татарстан,Казань,улица Фатыха Амирхана,38,2002,10,1259300,6,234,771070,101600,55.8419625,49.1362826,,6901368,Europe/Moscow
Республика Татарстан,Казань,улица Фатыха Амирхана,40,2008,10,879330,3,118,721980,101600,55.8425380,49.1386756,,6901374,Europe/Moscow
Республика Татарстан,Казань,улица Фатыха Амирхана,41,1981,9,2371430,8,261,1466470,101600,55.8304244,49.1328268,,6901377,Europe/Moscow
Республика Татарстан,Казань,улица Фатыха Амирхана,43,1976,9,742400,3,108,591480,101600,55.8304221,49.1311456,,6901380,Europe/Moscow
Республика Татарстан,Казань,улица Фатыха Амирхана,45,1976,9,979180,4,144,775050,101600,55.8308966,49.1305528,,6901383,Europe/Moscow
Республика Татарстан,Казань,улица Фатыха Амирхана,47,1976,9,1194730,5,176,945700,101600,55.8313211,49.1315839,,6901386,Europe/Moscow
Республика Татарстан,Казань,улица Фатыха Амирхана,49,1980,14,677410,2,94,454950,101600,55.8328111,49.1326254,,6901389,Europe/Moscow
Республика Татарстан,Казань,улица Фатыха Амирхана,51,1975,9,781470,4,144,473940,101600,55.8321205,49.1319970,,6901398,Europe/Moscow
Республика Татарстан,Казань,улица Фатыха Амирхана,53,1973,5,484720,4,80,367580,101600,55.8321260,49.1306399,,6901401,Europe/Moscow
Республика Татарстан,Казань,улица Фатыха Амирхана,53А,1993,10,797020,4,122,633310,101600,55.8313779,49.1284692,,6901404,Europe/Moscow
Республика Татарстан,Казань,улица Фатыха Амирхана,53Б,1995,9,1329040,8,268,970480,101600,55.8313346,49.1272501,,6901407,Europe/Moscow
Республика Татарстан,Казань,улица Фатыха Амирхана,55,1973,5,480110,4,80,364530,101600,55.8326116,49.1301382,,6901410,Europe/Moscow
Республика Татарстан,Казань,улица Фатыха Амирхана,57,1973,5,476850,9,162,360100,101600,55.8328510,49.1315693,,6901413,Europe/Moscow
Республика Татарстан,Казань,улица Фатыха Амирхана,59,1973,5,479950,4,80,364070,101600,55.8331510,49.1306247,,6901416,Europe/Moscow
Республика Татарстан,Казань,улица Фатыха Амирхана,61,1977,9,737416,3,108,583836,101600,55.8334299,49.1320102,,6901422,Europe/Moscow
Республика Татарстан,Казань,улица Фатыха Амирхана,67,1973,5,476360,4,80,368270,101600,55.8346658,49.1307407,,6901425,Europe/Moscow
Республика Татарстан,Казань,улица Фатыха Амирхана,69,1973,5,571159,4,80,365079,101600,55.8349449,49.1316728,,6901434,Europe/Moscow
Республика Татарстан,Казань,улица Фатыха Амирхана,77,1987,9,1323940,8,267,971110,101600,55.8386041,49.1300821,,6901440,Europe/Moscow
Республика Татарстан,Казань,улица Адоратского,1,2008,12,2666320,6,246,1851370,101600,55.8211341,49.1465956,,6902238,Europe/Moscow
Республика Татарстан,Казань,улица Адоратского,1а,2011,19,3743860,5,351,2013170,101600,55.8200742,49.1467526,,9104671,Europe/Moscow
Республика Татарстан,Казань,улица Адоратского,2,2003,9,1937960,6,208,1745430,101600,55.8210914,49.1482722,,6902259,Europe/Moscow
Республика Татарстан,Казань,улица Адоратского,3,2008,10,1090700,3,102,727220,101600,55.8223315,49.1468043,,6902283,Europe/Moscow
Республика Татарстан,Казань,улица Адоратского,3А,2009,10,628970,2,71,465220,101600,55.8219300,49.1459705,,6902289,Europe/Moscow
Республика Татарстан,Казань,улица Адоратского,3Г,2009,10,725220,2,73,584990,101600,55.8228531,49.1461188,,6902292,Europe/Moscow
Республика Татарстан,Казань,улица Адоратского,3б,2011,14,867770,2,98,648970,101600,55.8220053,49.1450989,,6902286,Europe/Moscow
Республика Татарстан,Казань,улица Адоратского,3в,2011,14,870540,2,101,612790,101600,55.8225564,49.1452451,,8973738,Europe/Moscow
Республика Татарстан,Казань,улица Адоратского,4,2011,14,1921890,12,646,959930,101600,55.8238444,49.1480044,,7013431,Europe/Moscow
Республика Татарстан,Казань,улица Адоратского,4а,2012,16,1899350,11,684,1009100,101600,55.8249633,49.1488102,,7883940,Europe/Moscow
Республика Татарстан,Казань,улица Адоратского,5,1990,10,1056180,5,162,856970,101600,55.8247655,49.1443056,,6902376,Europe/Moscow
Республика Татарстан,Казань,улица Адоратского,7,1990,10,854790,5,161,523240,101600,55.8242946,49.1434661,,6902424,Europe/Moscow
Республика Татарстан,Казань,улица Адоратского,8,1981,9,1502891,6,216,1178490,101600,55.8295919,49.1495423,,6902427,Europe/Moscow
Республика Татарстан,Казань,улица Адоратского,9,1990,10,1946890,9,324,1736520,101600,55.8238156,49.1452722,,6902436,Europe/Moscow
Республика Татарстан,Казань,улица Адоратского,10,1981,9,1474350,7,219,1124430,101600,55.8306774,49.1482087,,6902241,Europe/Moscow
Республика Татарстан,Казань,улица Адоратского,11,1990,10,644710,10,366,637950,101600,55.8242183,49.1466483,,6902244,Europe/Moscow
Республика Татарстан,Казань,улица Адоратского,13,1990,10,1606700,6,240,1206750,101600,55.8252666,49.1468802,,6902247,Europe/Moscow
Республика Татарстан,Казань,улица Адоратского,15,1980,9,1460900,7,217,1119740,101600,55.8287163,49.1465879,,6902250,Europe/Moscow
Республика Татарстан,Казань,улица Адоратского,17,2002,9,500140,2,69,270010,101600,55.8297393,49.1440802,,6902253,Europe/Moscow
Республика Татарстан,Казань,улица Адоратского,19,1980,9,1167000,6,209,706400,101600,55.8306872,49.1467136,,6902256,Europe/Moscow
Республика Татарстан,Казань,улица Адоратского,21,1980,9,770860,5,146,458340,101600,55.8301387,49.1453497,,6902262,Europe/Moscow
Республика Татарстан,Казань,улица Адоратского,23,1981,9,988600,5,145,779190,101600,55.8305023,49.1440596,,6902268,Europe/Moscow
Республика Татарстан,Казань,улица Адоратского,27,1984,9,1728170,8,253,1228940,101600,55.8370806,49.1468216,,6902271,Europe/Moscow
Республика Татарстан,Казань,улица Адоратского,27А,1985,9,978050,4,140,751310,101600,55.8378128,49.1459437,,6902274,Europe/Moscow
Республика Татарстан,Казань,улица Адоратского,27Б,1985,9,1077270,6,183,964800,101600,55.8371508,49.1450760,,6902277,Europe/Moscow
Республика Татарстан,Казань,улица Адоратского,28,1987,9,1233380,6,184,965930,101600,55.8372460,49.1481286,,6902280,Europe/Moscow
Республика Татарстан,Казань,улица Адоратского,30,1987,9,731810,4,109,577260,101600,55.8380462,49.1483485,,6902295,Europe/Moscow
Республика Татарстан,Казань,улица Адоратского,31,1985,9,1224930,6,183,960240,101600,55.8396487,49.1457869,,6902301,Europe/Moscow
Республика Татарстан,Казань,улица Адоратского,32,1987,9,1339110,16,571,804910,101600,55.8381452,49.1507003,,6902304,Europe/Moscow
Республика Татарстан,Казань,улица Адоратского,33,1984,9,2692980,11,394,2106310,101600,55.8407805,49.1468582,,6902307,Europe/Moscow
Республика Татарстан,Казань,улица Адоратского,34,1987,9,1234150,6,181,962370,101600,55.8390753,49.1496464,,6902310,Europe/Moscow
Республика Татарстан,Казань,улица Адоратского,34Б,2006,12,421280,3,142,386720,101600,55.8387806,49.1519673,,6902313,Europe/Moscow
Республика Татарстан,Казань,улица Адоратского,34В,2006,12,436270,2,71,398250,101600,55.8384647,49.1523597,,6902316,Europe/Moscow
Республика Татарстан,Казань,улица Адоратского,35,1984,9,1966760,8,281,1530070,101600,55.8421090,49.1452053,,6902319,Europe/Moscow
Республика Татарстан,Казань,улица Адоратского,36,1987,9,1475430,6,214,1143800,101600,55.8397396,49.1506722,,6902322,Europe/Moscow
Республика Татарстан,Казань,улица Адоратского,36Б,1995,10,328110,2,77,281080,101600,55.8379720,49.1523249,,7415558,Europe/Moscow
Республика Татарстан,Казань,улица Адоратского,36В,2008,14,617940,4,195,472160,101600,55.8381586,49.1526614,,6902325,Europe/Moscow
Республика Татарстан,Казань,улица Адоратского,37,1985,9,946530,5,175,576630,101600,55.8406460,49.1438603,,6902328,Europe/Moscow
Республика Татарстан,Казань,улица Адоратского,38,1987,9,773670,4,144,470860,101600,55.8404059,49.1498260,,6902334,Europe/Moscow
Республика Татарстан,Казань,улица Адоратского,39,1985,9,979630,5,146,769930,101600,55.8396682,49.1436774,,6902337,Europe/Moscow
Республика Татарстан,Казань,улица Адоратского,39А,1992,18,872540,4,274,618360,101600,55.8388823,49.1439972,,6902340,Europe/Moscow
Республика Татарстан,Казань,улица Адоратского,39Б,1995,18,853694,4,253,604290,101600,55.8386892,49.1435801,,6902343,Europe/Moscow
Республика Татарстан,Казань,улица Адоратского,40,1987,9,737080,4,111,577730,101600,55.8394424,49.1483418,,6902346,Europe/Moscow
Республика Татарстан,Казань,улица Адоратского,41,1985,9,978110,5,147,768410,101600,55.8401577,49.1427806,,6902349,Europe/Moscow
Республика Татарстан,Казань,улица Адоратского,42,1987,9,960070,5,147,769300,101600,55.8401502,49.1481298,,6902352,Europe/Moscow
Республика Татарстан,Казань,улица Адоратского,44,1987,9,1470030,7,219,1149750,101600,55.8414337,49.1481412,,6902358,Europe/Moscow
Республика Татарстан,Казань,улица Адоратского,45,1985,9,962300,5,180,585890,101600,55.8411359,49.1408802,,6902361,Europe/Moscow
Республика Татарстан,Казань,улица Адоратского,46,1988,9,1722529,8,255,1350339,101600,55.8421253,49.1495163,,6902367,Europe/Moscow
Республика Татарстан,Казань,улица Адоратского,47,1985,9,1469510,7,220,1154630,101600,55.8418061,49.1398611,,6902370,Europe/Moscow
Республика Татарстан,Казань,улица Адоратского,49,1985,9,1308890,8,269,962770,101600,55.8418930,49.1418569,,6902373,Europe/Moscow
Республика Татарстан,Казань,улица Адоратского,51,1985,9,2432119,10,350,1877639,101600,55.8426728,49.1419118,,6902379,Europe/Moscow
Республика Татарстан,Казань,улица Адоратского,52,1989,9,440930,3,89,320190,101600,55.8424819,49.1483706,,6902382,Europe/Moscow
Республика Татарстан,Казань,улица Адоратского,53,1986,9,443410,3,90,322660,101600,55.8424820,49.1445480,,6902385,Europe/Moscow
Республика Татарстан,Казань,улица Адоратского,54,1989,9,441660,3,90,320910,101600,55.8424885,49.1493999,,6902388,Europe/Moscow
Республика Татарстан,Казань,улица Адоратского,55,1986,9,445690,3,91,324940,101600,55.8426563,49.1455525,,6902391,Europe/Moscow
Республика Татарстан,Казань,проспект Ибрагимова,1,1961,5,541130,4,64,254810,101600,55.8418499,49.0871648,,6900678,Europe/Moscow
Республика Татарстан,Казань,проспект Ибрагимова,2,1961,5,514380,4,64,254490,101600,55.8417195,49.0861891,,6900705,Europe/Moscow
Республика Татарстан,Казань,проспект Ибрагимова,3,1960,5,244940,2,40,159480,101600,55.8415956,49.0884317,,6900738,Europe/Moscow
Республика Татарстан,Казань,проспект Ибрагимова,4,1960,5,523960,5,83,324540,101600,55.8409911,49.0860025,,6900777,Europe/Moscow
Республика Татарстан,Казань,проспект Ибрагимова,5,1961,5,525600,4,64,259810,101600,55.8412597,49.0879294,,6900792,Europe/Moscow
Республика Татарстан,Казань,проспект Ибрагимова,6,1960,5,529170,4,80,328170,101600,55.8403606,49.0862739,,6900813,Europe/Moscow
Республика Татарстан,Казань,проспект Ибрагимова,7,1959,5,482720,4,80,317860,101600,55.8261616,49.0924969,,6900840,Europe/Moscow
Республика Татарстан,Казань,проспект Ибрагимова,9,1961,5,483060,4,80,327340,101600,55.8406154,49.0882049,,6900882,Europe/Moscow
Республика Татарстан,Казань,проспект Ибрагимова,11,1960,5,520620,4,80,314940,101600,55.8403603,49.0891142,,6900681,Europe/Moscow
Республика Татарстан,Казань,проспект Ибрагимова,12,1977,9,1044410,4,116,622670,101600,55.8391819,49.0868785,,6900684,Europe/Moscow
Республика Татарстан,Казань,проспект Ибрагимова,13,1960,5,496180,4,80,318680,101600,55.8396490,49.0897842,,6900687,Europe/Moscow
Республика Татарстан,Казань,проспект Ибрагимова,14,1962,4,534880,4,64,261140,101600,55.8384614,49.0875876,,6900690,Europe/Moscow
Республика Татарстан,Казань,проспект Ибрагимова,15,1962,5,533650,4,80,332410,101600,55.8399469,49.0884539,,6900693,Europe/Moscow
Республика Татарстан,Казань,проспект Ибрагимова,17,1962,5,493450,4,64,264330,101600,55.8392884,49.0887330,,6900699,Europe/Moscow
Республика Татарстан,Казань,проспект Ибрагимова,19,1960,5,486920,4,64,253890,101600,55.8386360,49.0885141,,6900702,Europe/Moscow
Республика Татарстан,Казань,проспект Ибрагимова,20,1962,5,582580,4,80,339670,101600,55.8370518,49.0881697,,6900708,Europe/Moscow
Республика Татарстан,Казань,проспект Ибрагимова,22,1962,5,577590,5,81,346460,101600,55.8361588,49.0885723,,6900711,Europe/Moscow
Республика Татарстан,Казань,проспект Ибрагимова,24,1963,5,575436,4,80,347386,101600,55.8354171,49.0888858,,6900714,Europe/Moscow
Республика Татарстан,Казань,проспект Ибрагимова,25,1962,5,574540,4,80,359630,101600,55.8364367,49.0894856,,6900717,Europe/Moscow
Республика Татарстан,Казань,проспект Ибрагимова,26А,1969,5,545090,5,93,401430,101600,55.8333543,49.0892232,,6900720,Europe/Moscow
Республика Татарстан,Казань,проспект Ибрагимова,27,1963,5,293000,2,40,159440,101600,55.8361288,49.0902614,,6900723,Europe/Moscow
Республика Татарстан,Казань,проспект Ибрагимова,28,1951,2,159550,2,13,65800,101600,55.8337474,49.0896850,,6900726,Europe/Moscow
Республика Татарстан,Казань,проспект Ибрагимова,28А,1969,5,554510,5,83,353670,101600,55.8331323,49.0886295,,6900732,Europe/Moscow
Республика Татарстан,Казань,проспект Ибрагимова,29,1964,5,574670,4,80,350700,101600,55.8356346,49.0898171,,6900735,Europe/Moscow
Республика Татарстан,Казань,проспект Ибрагимова,30,1951,2,98720,2,10,73180,101600,55.8332485,49.0899315,,6900741,Europe/Moscow
Республика Татарстан,Казань,проспект Ибрагимова,30А,1973,5,473090,4,80,358230,101600,55.8326385,49.0882138,,7108335,Europe/Moscow
Республика Татарстан,Казань,проспект Ибрагимова,32/20,1976,5,724760,4,80,417850,101600,55.8320012,49.0895639,,6900750,Europe/Moscow
Республика Татарстан,Казань,проспект Ибрагимова,32А,1985,5,609880,4,61,313950,101600,55.8325713,49.0901536,,6900747,Europe/Moscow
Республика Татарстан,Казань,проспект Ибрагимова,34,1964,5,576010,4,80,368900,101600,55.8300112,49.0914453,,6900753,Europe/Moscow
Республика Татарстан,Казань,проспект Ибрагимова,35,1958,5,523370,4,80,296440,101600,55.8341041,49.0905953,,6900756,Europe/Moscow
Республика Татарстан,Казань,проспект Ибрагимова,36,1965,5,572230,5,83,365500,101600,55.8291650,49.0917738,,6900759,Europe/Moscow
Республика Татарстан,Казань,проспект Ибрагимова,37,1960,5,435443,2,29,281683,101600,55.8334523,49.0916891,,6900768,Europe/Moscow
Республика Татарстан,Казань,проспект Ибрагимова,38,1965,5,573220,4,80,366680,101600,55.8283370,49.0921533,,6900771,Europe/Moscow
Республика Татарстан,Казань,проспект Ибрагимова,39,1962,5,512190,4,80,277030,101600,55.8331631,49.0910287,,6900774,Europe/Moscow
Республика Татарстан,Казань,проспект Ибрагимова,41,1961,5,528850,4,64,252810,101600,55.8327293,49.0917682,,6900780,Europe/Moscow
Республика Татарстан,Казань,проспект Ибрагимова,45,1972,9,1904350,7,250,1139300,101600,55.8298028,49.0929191,,6900783,Europe/Moscow
Республика Татарстан,Казань,проспект Ибрагимова,47,1969,5,571510,4,80,365590,101600,55.8300302,49.0938778,,6900786,Europe/Moscow
Республика Татарстан,Казань,проспект Ибрагимова,49,1968,5,567030,4,80,362770,101600,55.8301466,49.0946039,,6900789,Europe/Moscow
Республика Татарстан,Казань,проспект Ибрагимова,51,1969,5,570390,4,80,364070,101600,55.8302396,49.0953250,,6900795,Europe/Moscow
Республика Татарстан,Казань,проспект Ибрагимова,53,1969,5,361070,4,80,240050,101600,55.8282496,49.0964766,,6900801,Europe/Moscow
Республика Татарстан,Казань,проспект Ибрагимова,55,1970,5,567080,4,80,361800,101600,55.8283336,49.0957326,,6900804,Europe/Moscow
Республика Татарстан,Казань,проспект Ибрагимова,57,1970,5,471140,4,80,363190,101600,55.8282604,49.0949832,,6900807,Europe/Moscow
Республика Татарстан,Казань,проспект Ибрагимова,59,1973,9,1955060,7,250,1114850,101600,55.8282576,49.0936173,,6900810,Europe/Moscow
Республика Татарстан,Казань,проспект Ибрагимова,61,1977,9,1993947,8,258,1127187,101600,55.8251878,49.0957432,,6900816,Europe/Moscow
Республика Татарстан,Казань,проспект Ибрагимова,61А,1978,14,670030,2,91,426950,101600,55.8239668,49.0959505,,6900819,Europe/Moscow
Республика Татарстан,Казань,проспект Ибрагимова,63,1977,9,1910320,7,251,1141010,101600,55.8230423,49.0966757,,6900822,Europe/Moscow
Республика Татарстан,Казань,проспект Ибрагимова,63А,1978,14,654150,2,101,447960,101600,55.8219381,49.0969641,,6900825,Europe/Moscow
Республика Татарстан,Казань,проспект Ибрагимова,65,1971,5,481690,4,80,365240,101600,55.8254523,49.0984520,,6900828,Europe/Moscow
Республика Татарстан,Казань,проспект Ибрагимова,67,1970,5,481350,5,86,364860,101600,55.8254957,49.0991707,,6900834,Europe/Moscow
Республика Татарстан,Казань,проспект Ибрагимова,69,1971,5,483130,4,79,364500,101600,55.8247812,49.0986157,,6900837,Europe/Moscow
Республика Татарстан,Казань,проспект Ибрагимова,71,1971,5,480780,5,83,363810,101600,55.8246082,49.0970277,,6900843,Europe/Moscow
Республика Татарстан,Казань,проспект Ибрагимова,73,1971,5,479650,5,89,362350,101600,55.8237431,49.0986972,,6900846,Europe/Moscow
Республика Татарстан,Казань,проспект Ибрагимова,75,1970,5,559620,4,80,364120,101600,55.8237137,49.0996848,,6900849,Europe/Moscow
Республика Татарстан,Казань,проспект Ибрагимова,77,1970,5,481810,4,80,365340,101600,55.8226212,49.0997418,,6900852,Europe/Moscow
Республика Татарстан,Казань,проспект Ибрагимова,79,1971,5,483610,5,82,365220,101600,55.8230798,49.0988780,,6900855,Europe/Moscow
Республика Татарстан,Казань,улица Декабристов,8,1985,9,1692710,5,154,863540,101600,55.8176800,49.1001598,,6906555,Europe/Moscow
Республика Татарстан,Казань,улица Декабристов,10,1980,14,648820,2,97,470460,101600,55.8178399,49.1013717,,6906360,Europe/Moscow
Республика Татарстан,Казань,улица Декабристов,83,1983,9,2888330,7,250,1363090,101600,55.8169139,49.0917335,,6906561,Europe/Moscow
Республика Татарстан,Казань,улица Декабристов,85,1985,9,3511478,9,306,1634160,101600,55.8185487,49.0904202,,6906564,Europe/Moscow
Республика Татарстан,Казань,улица Декабристов,87,1979,9,1447920,6,189,984740,101600,55.8185853,49.0884542,,6906567,Europe/Moscow
Республика Татарстан,Казань,улица Декабристов,89В,2013,18,1001300,2,125,638660,101600,55.8193376,49.0880092,,8973701,Europe/Moscow
Республика Татарстан,Казань,улица Декабристов,93,1970,5,568180,5,83,364580,101600,55.8222785,49.0847553,,6906570,Europe/Moscow
Республика Татарстан,Казань,улица Декабристов,99,1970,5,388270,4,80,361170,101600,55.8213274,49.0854214,,6906576,Europe/Moscow
Республика Татарстан,Казань,улица Декабристов,100,1965,5,597840,4,67,261780,101600,55.8255852,49.0859783,,6906363,Europe/Moscow
Республика Татарстан,Казань,улица Декабристов,101,1970,5,478880,4,80,362780,101600,55.8206556,49.0854178,,6906366,Europe/Moscow
Республика Татарстан,Казань,улица Декабристов,102,1966,5,540080,4,67,269520,101600,55.8263680,49.0855815,,6906369,Europe/Moscow
Республика Татарстан,Казань,улица Декабристов,103,1973,5,478873,3,60,268453,101600,55.8210512,49.0864688,,6906372,Europe/Moscow
Республика Татарстан,Казань,улица Декабристов,104,1966,5,576885,4,64,274420,101600,55.8268972,49.0850083,,6906375,Europe/Moscow
Республика Татарстан,Казань,улица Декабристов,105,1970,5,479210,4,80,362010,101600,55.8216182,49.0860738,,6906378,Europe/Moscow
Республика Татарстан,Казань,улица Декабристов,106,1964,5,554420,8,159,368320,101600,55.8273592,49.0859098,,6906381,Europe/Moscow
Республика Татарстан,Казань,улица Декабристов,106А,1983,9,491840,2,60,308620,101600,55.8275996,49.0867858,,6906384,Europe/Moscow
Республика Татарстан,Казань,улица Декабристов,106Б,1988,9,490759,2,61,303389,101600,55.8277128,49.0874708,,6906387,Europe/Moscow
Республика Татарстан,Казань,улица Декабристов,107,1970,5,479650,4,80,363700,101600,55.8224267,49.0853754,,6906393,Europe/Moscow
Республика Татарстан,Казань,улица Декабристов,108,1966,5,471500,4,64,266970,101600,55.8274748,49.0843716,,6906396,Europe/Moscow
Республика Татарстан,Казань,улица Декабристов,109,1970,5,448090,5,83,240790,101600,55.8226633,49.0859601,,6906399,Europe/Moscow
Республика Татарстан,Казань,улица Декабристов,110,1964,5,570860,4,80,365540,101600,55.8276121,49.0852223,,6906402,Europe/Moscow
Республика Татарстан,Казань,улица Декабристов,112,1964,5,547540,4,67,258690,101600,55.8278827,49.0835094,,6906405,Europe/Moscow
Республика Татарстан,Казань,улица Декабристов,113,1972,14,953850,2,107,500950,101600,55.8216952,49.0873430,,6906408,Europe/Moscow
Республика Татарстан,Казань,улица Декабристов,114,1966,5,524730,4,70,256520,101600,55.8287158,49.0826719,,6906411,Europe/Moscow
Республика Татарстан,Казань,улица Декабристов,115,1974,14,755720,2,107,498040,101600,55.8221506,49.0869491,,6906414,Europe/Moscow
Республика Татарстан,Казань,улица Декабристов,117,1955,5,829360,4,64,396100,101600,55.8229939,49.0865218,,6906417,Europe/Moscow
Республика Татарстан,Казань,улица Декабристов,119,1959,5,521300,4,80,310730,101600,55.8238572,49.0857972,,6906420,Europe/Moscow
Республика Татарстан,Казань,улица Декабристов,121,1960,5,355570,4,64,260820,101600,55.8240803,49.0849530,,6906429,Europe/Moscow
Республика Татарстан,Казань,улица Декабристов,123,1960,5,439260,5,83,317140,101600,55.8235486,49.0852118,,6906432,Europe/Moscow
Республика Татарстан,Казань,улица Декабристов,125,1960,5,256800,2,37,153160,101600,55.8231331,49.0849422,,6906435,Europe/Moscow
Республика Татарстан,Казань,улица Декабристов,127,1969,9,1599001,7,231,1018551,101600,55.8254835,49.0849503,,6906438,Europe/Moscow
Республика Татарстан,Казань,улица Декабристов,129,1969,9,1943847,8,261,1124777,101600,55.8268006,49.0833094,,6906441,Europe/Moscow
Республика Татарстан,Казань,улица Декабристов,131,1978,9,1920385,9,295,1257010,101600,55.8274645,49.0811842,,6906444,Europe/Moscow
Республика Татарстан,Казань,улица Декабристов,150,1968,5,554880,4,68,269570,101600,55.8299729,49.0817763,,6906447,Europe/Moscow
Республика Татарстан,Казань,улица Декабристов,152,1966,5,460560,3,48,211010,101600,55.8306548,49.0814082,,6906450,Europe/Moscow
Республика Татарстан,Казань,улица Декабристов,154,1964,5,514840,4,64,259990,101600,55.8311510,49.0811392,,6906453,Europe/Moscow
Республика Татарстан,Казань,улица Декабристов,156,1956,5,522310,10,196,308800,101600,55.8319963,49.0809186,,6906456,Europe/Moscow
Республика Татарстан,Казань,улица Декабристов,158,1957,5,993061,5,84,535381,101600,55.8329004,49.0810375,,6906462,Europe/Moscow
Республика Татарстан,Казань,улица Декабристов,164,1955,7,1508400,4,110,648270,101600,55.8363615,49.0811705,,6906471,Europe/Moscow
Республика Татарстан,Казань,улица Декабристов,166,1942,2,121635,2,16,64840,101600,55.8344046,49.0817754,,6906474,Europe/Moscow
Республика Татарстан,Казань,улица Декабристов,168,1942,4,219020,2,31,133000,101600,55.8346996,49.0818383,,6906477,Europe/Moscow
Республика Татарстан,Казань,улица Декабристов,170,1942,4,220793,2,23,135463,101600,55.8352549,49.0818625,,6906480,Europe/Moscow
Республика Татарстан,Казань,улица Декабристов,174,1942,4,220210,2,31,132600,101600,55.8356808,49.0819508,,6906483,Europe/Moscow
Республика Татарстан,Казань,улица Декабристов,176,1942,4,176930,2,27,98770,101600,55.8360702,49.0820054,,6906486,Europe/Moscow
Республика Татарстан,Казань,улица Декабристов,178А,1974,9,1561550,6,193,996330,101600,55.8382509,49.0826650,,6906495,Europe/Moscow
Республика Татарстан,Казань,улица Декабристов,179,1966,5,523950,4,64,257740,101600,55.8300903,49.0787304,,6906498,Europe/Moscow
Республика Татарстан,Казань,улица Декабристов,180,1961,5,540401,4,64,255540,101600,55.8396245,49.0818118,,6906501,Europe/Moscow
Республика Татарстан,Казань,улица Декабристов,180А,1960,5,569900,4,80,365150,101600,55.8403437,49.0831185,,6906504,Europe/Moscow
Республика Татарстан,Казань,улица Декабристов,180Б,1960,5,569060,4,80,364020,101600,55.8405637,49.0848778,,6906507,Europe/Moscow
Республика Татарстан,Казань,улица Декабристов,181,1965,5,548934,4,64,259510,101600,55.8306970,49.0790223,,6906510,Europe/Moscow
Республика Татарстан,Казань,улица Декабристов,181А,1966,5,524060,4,73,319820,101600,55.8309856,49.0776030,,6906513,Europe/Moscow
Республика Татарстан,Казань,улица Декабристов,182,1961,5,547700,4,64,266650,101600,55.8405670,49.0821963,,6906516,Europe/Moscow
Республика Татарстан,Казань,улица Декабристов,183,1952,8,806090,2,58,383250,101600,55.8312777,49.0796223,,6906519,Europe/Moscow
Республика Татарстан,Казань,улица Декабристов,184,1961,5,578540,4,64,277470,101600,55.8410949,49.0828504,,6906522,Europe/Moscow
Республика Татарстан,Казань,улица Декабристов,184А,1960,5,569260,4,80,364570,101600,55.8414699,49.0845495,,6906528,Europe/Moscow
Республика Татарстан,Казань,улица Космонавтов,1,1963,5,438617,3,50,212940,101600,55.8022670,49.1869717,,6908664,Europe/Moscow
Республика Татарстан,Казань,улица Космонавтов,2,1963,5,454166,4,64,252780,101600,55.8017867,49.1857681,,6908703,Europe/Moscow
Республика Татарстан,Казань,улица Космонавтов,3,1963,5,567770,4,80,360849,101600,55.8020387,49.1876078,,6908748,Europe/Moscow
Республика Татарстан,Казань,улица Космонавтов,4,1963,5,395790,3,60,234170,101600,55.8014330,49.1865725,,6908790,Europe/Moscow
Республика Татарстан,Казань,улица Космонавтов,5,1963,5,567743,4,79,362740,101600,55.8017564,49.1882465,,6908832,Europe/Moscow
Республика Татарстан,Казань,улица Космонавтов,6,1963,5,398237,3,60,249400,101600,55.8010851,49.1872547,,6908844,Europe/Moscow
Республика Татарстан,Казань,улица Космонавтов,6В,2008,10,464500,2,74,435820,101600,55.8001521,49.1870459,,8070512,Europe/Moscow
Республика Татарстан,Казань,улица Космонавтов,6а,2011,10,1287260,4,160,838990,101600,55.8000133,49.1861789,,7884230,Europe/Moscow
Республика Татарстан,Казань,улица Космонавтов,7,1963,5,562937,4,80,365390,101600,55.8014661,49.1888784,,6908847,Europe/Moscow
Республика Татарстан,Казань,улица Космонавтов,8,1963,5,397282,4,63,229960,101600,55.8007383,49.1879452,,6908850,Europe/Moscow
Республика Татарстан,Казань,улица Космонавтов,9,1962,5,557821,5,81,362452,101600,55.8022963,49.1893317,,6908853,Europe/Moscow
Республика Татарстан,Казань,улица Космонавтов,10,1968,5,335890,7,129,183770,101600,55.8002446,49.1888319,,7884218,Europe/Moscow
Республика Татарстан,Казань,улица Космонавтов,11,1956,4,298619,2,28,145660,101600,55.8026184,49.1901500,,6908667,Europe/Moscow
Республика Татарстан,Казань,улица Космонавтов,11А,1978,5,717670,7,124,543380,101600,55.8020281,49.1916896,,6908670,Europe/Moscow
Республика Татарстан,Казань,улица Космонавтов,11б,1980,5,797070,6,118,552730,101600,55.8025105,49.1921811,,6908673,Europe/Moscow
Республика Татарстан,Казань,улица Космонавтов,12,1968,5,543502,4,72,330560,101600,55.7996302,49.1896554,,6908676,Europe/Moscow
Республика Татарстан,Казань,улица Космонавтов,13,1955,2,130274,2,16,82257,101600,55.8020426,49.1901370,,6908679,Europe/Moscow
Республика Татарстан,Казань,улица Космонавтов,14,1968,5,549516,4,69,313760,101600,55.7989741,49.1905347,,6908682,Europe/Moscow
Республика Татарстан,Казань,улица Космонавтов,15,1959,2,61280,1,8,43170,101600,55.8016839,49.1906374,,6908685,Europe/Moscow
Республика Татарстан,Казань,улица Космонавтов,16,1957,5,554520,4,64,254850,101600,55.7984760,49.1911999,,6908691,Europe/Moscow
Республика Татарстан,Казань,улица Космонавтов,16А,1969,5,493899,4,72,317410,101600,55.7985735,49.1899447,,6908694,Europe/Moscow
Республика Татарстан,Казань,улица Космонавтов,17,1954,2,142881,2,12,81281,101600,55.8015486,49.1898892,,6908697,Europe/Moscow
Республика Татарстан,Казань,улица Космонавтов,18,1968,5,467650,4,80,353680,101600,55.7982367,49.1895236,,6908700,Europe/Moscow
Республика Татарстан,Казань,улица Космонавтов,20,1968,5,543432,4,80,353310,101600,55.7979418,49.1890478,,6908706,Europe/Moscow
Республика Татарстан,Казань,улица Космонавтов,21,1962,2,95220,3,18,56540,101600,55.7999487,49.1902741,,6908709,Europe/Moscow
Республика Татарстан,Казань,улица Космонавтов,22,1968,5,491930,4,68,304170,101600,55.7979519,49.1907589,,6908712,Europe/Moscow
Республика Татарстан,Казань,улица Космонавтов,23,1964,2,111990,2,16,62990,101600,55.8002246,49.1906651,,6908715,Europe/Moscow
Республика Татарстан,Казань,улица Космонавтов,24,1968,5,732144,6,101,453110,101600,55.7974900,49.1896847,,6908718,Europe/Moscow
Республика Татарстан,Казань,улица Космонавтов,25,1963,4,138520,2,32,128730,101600,55.8003921,49.1910931,,6908724,Europe/Moscow
Республика Татарстан,Казань,улица Космонавтов,26,1971,5,484724,5,82,359044,101600,55.7976388,49.1923200,,6908727,Europe/Moscow
Республика Татарстан,Казань,улица Космонавтов,27,1963,4,177249,2,32,126840,101600,55.8006984,49.1911638,,6908730,Europe/Moscow
Республика Татарстан,Казань,улица Космонавтов,28,1975,5,361630,3,58,253370,101600,55.7976314,49.1911675,,6908733,Europe/Moscow
Республика Татарстан,Казань,улица Космонавтов,29,1971,5,647100,5,92,400520,101600,55.8006305,49.1922595,,6908736,Europe/Moscow
Республика Татарстан,Казань,улица Космонавтов,29А,1978,5,533120,4,76,362690,101600,55.8013828,49.1922184,,6908739,Europe/Moscow
Республика Татарстан,Казань,улица Космонавтов,29Б,1979,5,375770,3,49,231030,101600,55.8021180,49.1931996,,6908742,Europe/Moscow
Республика Татарстан,Казань,улица Космонавтов,29В,1989,5,351540,4,70,260110,101600,55.8010316,49.1937014,,6908745,Europe/Moscow
Республика Татарстан,Казань,улица Космонавтов,30,1977,5,521420,5,84,359280,101600,55.7969580,49.1900152,,6908751,Europe/Moscow
Республика Татарстан,Казань,улица Космонавтов,32,1967,5,433590,4,79,379710,101600,55.7972123,49.1915786,,6908763,Europe/Moscow
Республика Татарстан,Казань,улица Космонавтов,33,1961,2,50897,2,10,29710,101600,55.7996891,49.1906432,,6908766,Europe/Moscow
Республика Татарстан,Казань,улица Космонавтов,34,1971,5,460240,5,81,355150,101600,55.7969230,49.1921077,,6908769,Europe/Moscow
Республика Татарстан,Казань,улица Космонавтов,35,1962,2,96701,3,17,42000,101600,55.7993987,49.1910255,,6908772,Europe/Moscow
Республика Татарстан,Казань,улица Космонавтов,36,1977,5,311630,4,63,187420,101600,55.7964578,49.1909739,,6908775,Europe/Moscow
Республика Татарстан,Казань,улица Космонавтов,38,1979,5,307660,3,60,273460,101600,55.7963111,49.1895920,,6908781,Europe/Moscow
Республика Татарстан,Казань,улица Космонавтов,39,1976,5,628460,4,80,362190,101600,55.7998742,49.1923354,,6908784,Europe/Moscow
Республика Татарстан,Казань,улица Космонавтов,39б,2004,9,1009850,4,116,867000,101600,55.8005897,49.1948917,,6908787,Europe/Moscow
Республика Татарстан,Казань,улица Космонавтов,40,1979,5,185100,2,34,170930,101600,55.7960785,49.1900790,,6908796,Europe/Moscow
Республика Татарстан,Казань,улица Космонавтов,41,1999,10,1016130,3,99,572970,101600,55.7992324,49.1916765,,6908799,Europe/Moscow
Республика Татарстан,Казань,улица Космонавтов,41А,1999,6,287360,2,40,279560,101600,55.7993272,49.1927501,,6908802,Europe/Moscow
Республика Татарстан,Казань,улица Космонавтов,42,1986,9,1154290,5,160,856790,101600,55.7963098,49.1935860,,6908805,Europe/Moscow
Республика Татарстан,Казань,улица Космонавтов,42а,2009,9,2437360,22,774,2335380,101600,55.7960483,49.1911968,,6908808,Europe/Moscow
Республика Татарстан,Казань,улица Космонавтов,42б,2011,9,426730,5,148,394980,101600,55.7955892,49.1918506,,6908811,Europe/Moscow
Республика Татарстан,Казань,улица Космонавтов,43,1993,5,495659,3,53,287600,101600,55.8014684,49.1944448,,6908814,Europe/Moscow
Республика Татарстан,Казань,улица Космонавтов,44,1999,10,1702860,12,468,1328240,101600,55.7953282,49.1947501,,6908817,Europe/Moscow
Республика Татарстан,Казань,улица Космонавтов,47,1982,5,401926,7,121,313196,101600,55.7987658,49.1928752,,6908820,Europe/Moscow
Республика Татарстан,Казань,улица Космонавтов,49,1985,9,1352904,7,223,1149024,101600,55.7992680,49.1952838,,6908823,Europe/Moscow
Республика Татарстан,Казань,Чистопольская улица,1,1987,14,701840,2,96,463430,101600,55.8192699,49.0983803,,6850425,Europe/Moscow
Республика Татарстан,Казань,Чистопольская улица,3,1980,14,750510,2,96,459790,101600,55.8191296,49.0991409,,6850473,Europe/Moscow
Республика Татарстан,Казань,Чистопольская улица,4,1989,9,1222950,4,132,700540,101600,55.8183294,49.1023497,,6850500,Europe/Moscow
Республика Татарстан,Казань,Чистопольская улица,5,1992,9,3255730,9,313,1737240,101600,55.8196300,49.1024330,,6850524,Europe/Moscow
Республика Татарстан,Казань,Чистопольская улица,6,1985,14,643382,2,97,464662,101600,55.8183394,49.1033370,,6850545,Europe/Moscow
Республика Татарстан,Казань,Чистопольская улица,10/8,2000,10,1269450,4,158,1153500,101600,55.8186164,49.1040561,,6850428,Europe/Moscow
Республика Татарстан,Казань,Чистопольская улица,12,2012,18,1806870,4,236,1225160,101600,55.8188232,49.1068335,,7884464,Europe/Moscow
Республика Татарстан,Казань,Чистопольская улица,14,2012,18,1997520,3,191,941540,101600,55.8186400,49.1082751,,7884467,Europe/Moscow
Республика Татарстан,Казань,Чистопольская улица,15,2001,9,1230143,4,118,760040,101600,55.8199411,49.1134545,,6850431,Europe/Moscow
Республика Татарстан,Казань,Чистопольская улица,16/15,2011,16,2214460,4,205,1592930,101600,55.8189084,49.1089728,,7884470,Europe/Moscow
Республика Татарстан,Казань,Чистопольская улица,17,2000,10,882170,4,148,623090,101600,55.8208723,49.1140473,,6850434,Europe/Moscow
Республика Татарстан,Казань,Чистопольская улица,19,2001,10,1217480,5,166,887970,101600,55.8202473,49.1139929,,6850437,Europe/Moscow
Республика Татарстан,Казань,Чистопольская улица,22,2012,15,1319900,2,108,425140,101600,55.8188164,49.1133234,,7405003,Europe/Moscow
Республика Татарстан,Казань,Чистопольская улица,23,2002,16,977350,3,160,677520,101600,55.8198689,49.1176574,,6850455,Europe/Moscow
Республика Татарстан,Казань,Чистопольская улица,25,2002,16,992340,3,161,662950,101600,55.8199378,49.1190270,,6850458,Europe/Moscow
Республика Татарстан,Казань,Чистопольская улица,26/5,2005,5,1319880,12,232,786240,101600,55.8186171,49.1148122,,6850461,Europe/Moscow
Республика Татарстан,Казань,Чистопольская улица,27,1996,9,547920,3,73,384300,101600,55.8210662,49.1226431,,6850464,Europe/Moscow
Республика Татарстан,Казань,Чистопольская улица,29,1996,10,889090,3,120,635400,101600,55.8213344,49.1220039,,6850470,Europe/Moscow
Республика Татарстан,Казань,Чистопольская улица,31,1996,10,1236830,5,163,844470,101600,55.8208228,49.1213604,,6850479,Europe/Moscow
Республика Татарстан,Казань,Чистопольская улица,32,2005,5,989310,5,97,731450,101600,55.8184580,49.1198776,,6850482,Europe/Moscow
Республика Татарстан,Казань,Чистопольская улица,33,1996,10,1252270,5,161,898490,101600,55.8202432,49.1227488,,6850485,Europe/Moscow
Республика Татарстан,Казань,Чистопольская улица,34,2006,6,1052824,6,122,855380,101600,55.8180217,49.1176853,,6850488,Europe/Moscow
Республика Татарстан,Казань,Чистопольская улица,35,1996,10,607330,3,81,438070,101600,55.8203751,49.1244954,,6850491,Europe/Moscow
Республика Татарстан,Казань,Чистопольская улица,36,2011,16,2103470,4,220,1375320,101600,55.8180473,49.1215631,,8976988,Europe/Moscow
Республика Татарстан,Казань,Чистопольская улица,37,1996,10,596500,2,80,428060,101600,55.8206373,49.1249574,,6850494,Europe/Moscow
Республика Татарстан,Казань,Чистопольская улица,38,2011,22,2272660,2,176,1606730,101600,55.8188113,49.1221753,,8976987,Europe/Moscow
Республика Татарстан,Казань,Чистопольская улица,39,1996,10,580620,2,79,427230,101600,55.8203842,49.1254211,,6850497,Europe/Moscow
Республика Татарстан,Казань,Чистопольская улица,40,2010,16,2571410,4,219,1371770,101600,55.8180558,49.1227097,,6850503,Europe/Moscow
Республика Татарстан,Казань,Чистопольская улица,41,1997,8,967290,4,108,648940,101600,55.8199237,49.1233032,,6850506,Europe/Moscow
Республика Татарстан,Казань,Чистопольская улица,43,1997,8,1092800,4,109,622330,101600,55.8199559,49.1254314,,6850512,Europe/Moscow
Республика Татарстан,Казань,Чистопольская улица,45,1998,5,390240,2,39,221840,101600,55.8206399,49.1236220,,6850515,Europe/Moscow
Республика Татарстан,Казань,Чистопольская улица,47,1994,10,576070,3,82,424620,101600,55.8201249,49.1275597,,6850518,Europe/Moscow
Республика Татарстан,Казань,Чистопольская улица,49,1994,10,791100,7,244,639240,101600,55.8205972,49.1270924,,6850521,Europe/Moscow
Республика Татарстан,Казань,Чистопольская улица,51,1994,10,952870,8,307,851130,101600,55.8208547,49.1279203,,6850527,Europe/Moscow
Республика Татарстан,Казань,Чистопольская улица,53,1994,10,481350,4,155,430340,101600,55.8205912,49.1287483,,6850530,Europe/Moscow
Республика Татарстан,Казань,Чистопольская улица,55,1994,10,1828380,7,248,1235700,101600,55.8197844,49.1288662,,6850533,Europe/Moscow
Республика Татарстан,Казань,Чистопольская улица,57,1994,10,895200,4,123,599710,101600,55.8197972,49.1305225,,6850536,Europe/Moscow
Республика Татарстан,Казань,Чистопольская улица,59,1994,10,891280,4,121,632050,101600,55.8200351,49.1313835,,6850539,Europe/Moscow
Республика Татарстан,Казань,Чистопольская улица,60,2006,9,1240990,5,179,586870,101600,55.8184648,49.1346890,,6850548,Europe/Moscow
Республика Татарстан,Казань,Чистопольская улица,61,1994,10,890310,4,122,639540,101600,55.8204911,49.1308540,,6850551,Europe/Moscow
Республика Татарстан,Казань,Чистопольская улица,61А,2012,26,1509030,3,259,456820,101600,55.8199138,49.1325680,,9104690,Europe/Moscow
Республика Татарстан,Казань,Чистопольская улица,61Б,2012,20,991750,4,260,369210,101600,55.8202255,49.1328218,,9104686,Europe/Moscow
Республика Татарстан,Казань,Чистопольская улица,62,2006,12,802140,3,127,319060,101600,55.8180980,49.1347238,,6850554,Europe/Moscow
Республика Татарстан,Казань,Чистопольская улица,64,2010,14,1423913,4,171,981916,101600,55.8171318,49.1349972,,7405026,Europe/Moscow
Республика Татарстан,Казань,Чистопольская улица,66,2008,11,1309710,5,177,850730,101600,55.8166338,49.1345983,,6850557,Europe/Moscow
Республика Татарстан,Казань,Чистопольская улица,68,2008,9,659000,9,312,592950,101600,55.8188771,49.1366258,,6850560,Europe/Moscow
Республика Татарстан,Казань,Чистопольская улица,70,2008,9,1150760,10,357,817630,101600,55.8183153,49.1362019,,6850566,Europe/Moscow
Республика Татарстан,Казань,Чистопольская улица,71А,2013,21,2259126,4,330,2057096,101600,55.8201147,49.1448483,,8973702,Europe/Moscow
Республика Татарстан,Казань,Чистопольская улица,71Б,2021,9,1456280,9,310,936680,101600,55.8199306,49.1431226,,9662193,Europe/Moscow
Республика Татарстан,Казань,Чистопольская улица,72,2007,9,1442870,15,505,1035870,101600,55.8181760,49.1377645,,6850569,Europe/Moscow
Республика Татарстан,Казань,Чистопольская улица,73,2004,9,1944690,6,207,1753170,101600,55.8200574,49.1477771,,6850572,Europe/Moscow
Республика Татарстан,Казань,Чистопольская улица,74,2008,9,1203540,15,530,1081040,101600,55.8186500,49.1387331,,6850578,Europe/Moscow
Республика Татарстан,Казань,Чистопольская улица,75,2005,7,2644300,14,366,2038860,101600,55.8201771,49.1510853,,6850581,Europe/Moscow
Республика Татарстан,Казань,Чистопольская улица,76,2009,18,1393890,6,417,823790,101600,55.8182129,49.1387595,,6850584,Europe/Moscow
Республика Татарстан,Казань,Чистопольская улица,77/2,2004,9,1863180,7,233,1016740,101600,55.8209648,49.1515929,,6850587,Europe/Moscow
